Q113803477,person/b1c661ab-f2e0-4e5d-b801-51ea75e02530,redirect-target-not-found
Q125297898,person/8229af1f-3d53-49f3-91c7-cd755225f2e6,redirect-target-not-found
Q124849848,person/0289798f-20cb-4200-a565-770b2f33f20c,redirect-target-not-found
Q109538386,concept/99a396b3-66be-4486-9f9f-5dd448717078,redirect-target-not-found
Q112535025,person/e4241c4a-0c79-498a-80d1-bef0690437b3,redirect-target-not-found
Q124640972,person/6f4814c3-c2a5-4a03-bdcd-08126b574582,redirect-target-not-found
Q110193311,person/c226798d-d50a-4a3c-8b10-6f7f8122bddb,redirect-target-not-found
Q112505842,person/a2594941-ac45-4520-8d63-952b3451897f,redirect-target-not-found
Q113028631,person/c8e43ead-abff-4e2c-b2ad-8446942335b1,redirect-target-not-found
Q112352264,person/723f8109-cf1c-4fc3-b4fd-a0d39214e9db,redirect-target-not-found
Q52822951,person/0560d479-5ad7-408c-8529-59bb0409603d,redirect-target-not-found
Q66809948,person/2a0765d5-9ec4-4731-b6c4-bcfbde3b8beb,redirect-target-not-found
Q16186051,person/154af99d-8c1b-44b9-976f-100f976969e7,redirect-target-not-found
Q133602958,person/1903df78-9758-44bf-a7c8-f44bb3a285dd,redirect-target-not-found
Q97603333,person/af549857-c0bf-4232-a6e6-21ab3e941346,redirect-target-not-found
Q99187126,person/af549857-c0bf-4232-a6e6-21ab3e941346,redirect-target-not-found
Q45461115,person/2eec3f52-93fa-44c1-8229-2c249413d8ed,redirect-target-not-found
Q49600085,concept/7f417411-8474-4917-a672-79f486158580,redirect-target-not-found
Q112501187,person/9ffd8130-f701-4426-964d-b661c230f6d6,redirect-target-not-found
Q124643854,person/74298065-e4a0-4bc2-a072-a67d3602bdca,redirect-target-not-found
Q112485097,person/460c355b-6759-46de-a614-b8cec6750abd,redirect-target-not-found
Q112449764,person/b2da7ce8-97ee-4752-a502-f4e3a8237fff,redirect-target-not-found
Q108098690,person/11719760-95fc-4fc4-a103-1fcf002c0c0f,redirect-target-not-found
Q112496567,person/c91eec83-374f-4468-bf73-253c4c11dc6c,redirect-target-not-found
Q112515684,person/7c4b9c08-52cb-4383-a5fa-864507cd5576,redirect-target-not-found
Q132942907,person/67b699e9-91d6-417e-96e4-5d11c28f6085,redirect-target-not-found
Q133610483,person/c426a6f0-4a25-418b-80c5-3ab070e778db,redirect-target-not-found
Q49106549,place/34bf5f38-3622-4ffa-af6b-5bbfa35416e4,redirect-target-not-found
Q113400030,person/bf768813-5db8-4adf-8bed-c87c87d6bc38,redirect-target-not-found
Q49108179,place/32547240-48aa-4bd3-ada5-e81eb382c77c,redirect-target-not-found
Q49105674,place/f459e92f-00ef-4bef-8c49-bfcc234e7598,redirect-target-not-found
Q97372205,person/aa985872-4e4b-4a79-b285-4da6564bdd48,redirect-target-not-found
Q130339888,person/997ffa9f-dc73-41d9-8b2d-1a87def8b024,redirect-target-not-found
Q55123873,person/6941ee78-4c25-4cc5-82b4-acad50213852,redirect-target-not-found
Q119573493,person/388d83eb-30a7-49eb-ac71-b034a67a5b17,redirect-target-not-found
Q86243740,person/83a41e72-8cbd-43a4-9292-96781785da33,redirect-target-not-found
Q112453033,person/679a5f53-f5c1-410c-9aeb-42aeffb113be,redirect-target-not-found
Q1187201,concept/879d1302-f8d0-4d5b-943b-9156784127b3,redirect-target-not-found
Q23943496,person/387884e0-d061-4f07-924d-4b51d66c56be,redirect-target-not-found
Q31626221,place/36ddc6ce-029c-490b-ab29-9074f0ffe2c4,redirect-target-not-found
Q113807047,person/58434859-cc0a-4348-ac23-d2439830082f,redirect-target-not-found
Q112526922,person/09f08748-661a-4b06-9a69-0c3485339a62,redirect-target-not-found
Q112398563,person/c453ea9a-4598-4a3b-a3ee-1e80064d74d9,redirect-target-not-found
Q113553475,person/0c8bc597-df08-4c80-9c75-69fd166a3567,redirect-target-not-found
Q125261435,person/9fef95b0-a13e-41b8-895b-71092d821867,redirect-target-not-found
Q11176495,person/0c927e33-1cc8-4694-8441-64803678af26,redirect-target-not-found
Q107642138,person/d8c53c82-9598-490b-b362-14c040000029,redirect-target-not-found
Q49102029,place/27eccb3d-b6de-477e-9a2a-09c9c158e235,redirect-target-not-found
Q112454355,person/ffa47b4d-fabc-4367-bee9-9cd281a731a1,redirect-target-not-found
Q112455673,person/9b4bcf51-030c-4674-901c-0cd3502edef7,redirect-target-not-found
Q112534523,person/c6bb7712-c864-4437-8013-47769bc832d7,redirect-target-not-found
Q49104575,place/11cf5984-ab5f-4c1a-8b5f-3f5d03977008,redirect-target-not-found
Q45525335,person/b7704d2e-0915-4cdf-8536-ab00a7f16e8e,redirect-target-not-found
Q112518383,person/d1e328ab-e577-498b-96b9-60de27259313,redirect-target-not-found
Q107099697,person/0f2217eb-c938-4e0e-a271-e63a75b83630,redirect-target-not-found
Q133686155,person/d5b689d0-cba4-44df-b204-0441430a1f25,redirect-target-not-found
Q120432593,person/63bd7eaa-23b2-4d8e-b077-77214c32afda,redirect-target-not-found
Q133667739,person/40f1b1ab-cef7-4f9d-b45b-b26b3f8aff76,redirect-target-not-found
Q133641955,person/f688c0d5-363b-491a-884f-ae2fb7be4390,redirect-target-not-found
Q124537080,concept/8a371a56-d87b-476e-b723-7f8dd0059c6d,redirect-target-not-found
Q100906195,person/e1aa2730-5791-40dc-a960-1a1f44f0a39d,redirect-target-not-found
Q109370793,person/968805f4-8bbb-4d7e-b549-c30e4d231fcc,redirect-target-not-found
Q112763929,person/75011ced-b500-4858-b096-a76d65f4e4b8,redirect-target-not-found
Q109856030,person/bb3e3c80-3f99-4edd-8dd4-c14f1a2ec699,redirect-target-not-found
Q124710928,person/fa9097a5-0027-462b-9cae-9fbd66231683,redirect-target-not-found
Q133743287,person/fc76541a-7880-4cdd-8850-5fae66210c27,redirect-target-not-found
Q49105549,place/9d46a852-0fe9-472c-9862-61f85bbf78f0,redirect-target-not-found
Q112478367,person/0f05cb44-ffa0-4b2b-82a0-1997385d427e,redirect-target-not-found
Q133645501,person/d01b5b1f-efba-471d-9217-68ec97e0c8b3,redirect-target-not-found
Q123684960,person/2bbcfc6e-4994-4d35-9850-0270c608be4c,redirect-target-not-found
Q129951730,person/ec2f4268-9757-49ea-a5aa-8caeabb16dcc,redirect-target-not-found
Q133611933,person/97331bc6-ec04-43e3-95b8-0f18fb67cf53,redirect-target-not-found
Q112562290,person/71d22009-5e2b-4c31-bfb2-89e42a5f9991,redirect-target-not-found
Q132924391,person/7a9ad142-4be2-4088-a020-ecdfb0c42ed9,redirect-target-not-found
Q133593063,person/02130a91-c533-47fc-8df0-aaa9384cc403,redirect-target-not-found
Q132910603,person/af7044be-dcb3-4114-bae2-bacaafad3048,redirect-target-not-found
Q133616434,person/0cfd00a2-92b0-4827-9ed7-e5ca6d70a796,redirect-target-not-found
Q112450898,person/b24f2f7b-b6a2-4252-8f56-84231630183c,redirect-target-not-found
Q33766307,place/73ee1f3d-7440-4ab4-ab48-f20cc8425e68,redirect-target-not-found
Q49106805,place/1bdd2806-b2c1-4c8b-9a76-31dae64974d7,redirect-target-not-found
Q112485810,person/add4d93f-fd2c-4591-a418-45e43ed181fb,redirect-target-not-found
Q95330889,person/b4ae7664-102c-4a3a-b745-017c30552d4b,redirect-target-not-found
Q104614146,person/c4dff9a3-6c5c-4ea5-81bb-e3dae2142973,redirect-target-not-found
Q133656345,person/a354bb6a-9b38-48b9-a414-1182348db7fe,redirect-target-not-found
Q112370516,person/dc629dbe-02a9-45ee-bebe-881fb7259351,redirect-target-not-found
Q91714107,person/d1ae0998-25c0-44f8-8bd4-3d7a369c92d5,redirect-target-not-found
Q105734687,person/fc9788f4-4547-4501-87da-38d8af7d1b11,redirect-target-not-found
Q25495971,concept/404ff957-c0ec-4c38-a9c1-cbef49ceaa98,redirect-target-not-found
Q133594788,person/081af369-4bc7-46c5-9890-ab7b5b2c264b,redirect-target-not-found
Q110110185,person/423e4de2-79a5-4d57-a8a8-02e4a0f4bf42,redirect-target-not-found
Q133682188,person/16ad7c0c-de78-4818-b017-31e978514580,redirect-target-not-found
Q112558890,person/e05a39b3-f52a-4cf8-a289-3cb5e6dacb4b,redirect-target-not-found
Q133693248,person/19ed9481-759a-42e2-8f07-92c1b6ab1386,redirect-target-not-found
Q6617623,concept/6a01794a-8222-4801-8b89-b78e10d96c45,redirect-target-not-found
Q94429045,person/d32be056-bcdb-41e7-9ecc-19aec4c86ef0,redirect-target-not-found
Q112506294,person/ea96dd16-6b67-46ce-9fa4-01a505196b81,redirect-target-not-found
Q112553229,person/e9af54c6-fb9e-4cb3-ab93-341401c5ad7a,redirect-target-not-found
Q122228357,person/65793434-1859-4622-88d5-81f2957a0d7e,redirect-target-not-found
Q99495307,person/1e0fdf6d-a20d-463e-9619-7fa5e6236406,redirect-target-not-found
Q112476635,person/42329ff3-c595-488b-bf61-61e1b5781458,redirect-target-not-found
Q49109599,place/401ea8c6-bfee-49e7-a079-7bb6cf023b40,redirect-target-not-found
Q45503066,person/3d318c42-a7d1-46bf-a2c5-ecdc559e48b1,redirect-target-not-found
Q133187892,person/f0b27f46-0ed5-4124-9414-8d5b3cab46f3,redirect-target-not-found
Q112435158,person/a9dd71c9-f6cf-4fc8-a9ce-81213f90465b,redirect-target-not-found
Q52191134,person/cc13b9dc-f2af-4a16-9077-9d96b4012084,redirect-target-not-found
Q112436481,person/7a5a60bc-c20c-46bd-ba38-2051cd2b52eb,redirect-target-not-found
Q34796293,place/1fcde298-f9ff-47a6-b742-95facf636e93,redirect-target-not-found
Q108528779,person/4ece5624-d91f-4007-9a26-5c48d391acad,redirect-target-not-found
Q49109605,place/5ca6b446-50b5-4d2e-a9ca-58c46de9e9a3,redirect-target-not-found
Q30281743,group/975b888e-80bd-4398-8a1b-761cb8f6d8ba,redirect-target-not-found
Q133714910,person/24208491-c76b-4de0-ab6d-8dc8d7dc45d7,redirect-target-not-found
Q104425157,person/dde67f48-9f7f-4c0d-819e-5f3485a8a287,redirect-target-not-found
Q112865881,person/0344f314-77e9-4cee-9f87-63f943e93b86,redirect-target-not-found
Q133702905,person/28a8a1b0-48ab-4d44-b411-41943845cb0e,redirect-target-not-found
Q133691626,person/b4123a57-0af1-4466-9c8a-2177451b155d,redirect-target-not-found
Q99597025,person/92a896a7-5b34-4768-af2b-0cac3ff31795,redirect-target-not-found
Q133716147,person/31094ccc-b720-4cb4-acaa-6ca348fcfdac,redirect-target-not-found
Q64825422,concept/9e68f566-3f63-40ca-9303-c8997b6efaec,redirect-target-not-found
Q112402191,person/ad8eb9b8-8f1c-423e-92b7-4ecaf95480a8,redirect-target-not-found
Q112501993,person/5e5129c3-6cdc-4c3d-be5c-f8e87eb09d48,redirect-target-not-found
Q112444737,person/3649d268-b28d-486e-be0a-b4fa7577c248,redirect-target-not-found
Q27122496,place/c50dffcc-af81-47db-81eb-b83d056fe4f9,redirect-target-not-found
Q112452433,person/ed4a5638-3a38-4aa7-8d70-af138fca4b95,redirect-target-not-found
Q125307876,person/238d7ad8-abce-4200-a1f0-a8adc7982bfb,redirect-target-not-found
Q111025341,person/b5fe0023-a70f-407f-87ab-e5adfc47014f,redirect-target-not-found
Q95871010,person/1d644407-8d3c-4560-8f8f-c343bf60b4aa,redirect-target-not-found
Q112514798,person/4b0bda5b-aff9-487c-a066-aa84a72f2a58,redirect-target-not-found
Q132949060,person/34a3b4b6-1ba7-41e2-b2cc-cecc85b2ad6d,redirect-target-not-found
Q133516052,person/c4665c4b-2463-469c-bac5-7d88871cb519,redirect-target-not-found
Q112550234,person/beebe152-c842-48f9-9031-47e62318975f,redirect-target-not-found
Q125313240,person/b50a1eb1-5238-41e1-9f3d-6b71a92adafa,redirect-target-not-found
Q115700516,person/bfc47327-796c-43cf-9383-d80cc051a4cb,redirect-target-not-found
Q3704004,group/8f88d250-04b1-439c-90d4-afae15788249,redirect-target-not-found
Q110176888,person/866a00d4-9af9-4ca4-886f-5db24cae52e6,redirect-target-not-found
Q108952386,person/85c9f06e-73e3-4f7b-b99d-d089ce4e310d,redirect-target-not-found
Q125423800,person/1b5722b0-df57-447a-8597-b6ec6bc51f31,redirect-target-not-found
Q113787192,person/fc90d9d1-ad84-4d80-bef7-d34969f55ddb,redirect-target-not-found
Q131717053,person/3fe9a8f1-976d-49ca-aeda-2599b4966345,redirect-target-not-found
Q112519792,person/400a1162-1187-4129-9126-6d5108d67b99,redirect-target-not-found
Q133585647,person/2d3e12e0-0818-4385-8b7f-4bf5e4800e69,redirect-target-not-found
Q122656616,person/2373e804-38c2-4aba-87fe-613efd001cc5,redirect-target-not-found
Q132752868,person/fb281c86-ec68-4440-a124-bbd5aa241d3d,redirect-target-not-found
Q94535727,person/e311c892-6f7a-4975-8240-a426c748c737,redirect-target-not-found
Q20480427,person/b0dabf1a-e0b0-4d7f-af29-83ee61208228,redirect-target-not-found
Q133693263,person/fc91f993-b9db-41fa-8a6e-9833cbab26c1,redirect-target-not-found
Q3799092,concept/b3b70de2-ad95-4cac-b06a-cadb62e43413,redirect-target-not-found
Q133593002,person/8f1a6cd3-67d5-4ee1-a309-0e8c84aec613,redirect-target-not-found
Q124617602,person/a3d9b146-ba0f-4389-8299-9b737398e934,redirect-target-not-found
Q111668159,group/e8228199-e980-4cdc-9abc-5a8a6516616f,redirect-target-not-found
Q133639232,person/f3e6f065-869c-415d-b982-2760da670960,redirect-target-not-found
Q133738327,person/259f9119-ab37-4bb5-b301-1c6e983a3c66,redirect-target-not-found
Q18431816,concept/9c4ee145-e9e0-427a-9df7-e48c94723783,redirect-target-not-found
Q133713658,person/d7a63b10-e351-468a-9510-a7e57b8264d9,redirect-target-not-found
Q73348211,concept/6af6af56-e269-4e52-a099-7c852f7a50c2,redirect-target-not-found
Q133682388,person/1eb3f881-3a20-446d-a4a2-d58e1dc4905d,redirect-target-not-found
Q112478686,person/ddf64db5-b28a-4bf5-a622-72fc55408dc6,redirect-target-not-found
Q57782237,person/35fff4ce-605d-453f-a3b0-1b845c2dd674,redirect-target-not-found
Q61477666,person/4a5dc81c-3971-45a3-b232-5fee840f45b6,redirect-target-not-found
Q133657079,person/078a76c4-35c8-4fec-bae3-3b1d7c2d8ed1,redirect-target-not-found
Q49105175,place/b56953c6-b437-4dfc-ab72-bc4d50e8fd55,redirect-target-not-found
Q11706236,concept/b08be664-5dda-4e21-b7b8-ecdd14193db3,redirect-target-not-found
Q109884844,person/ce3678ca-a483-4840-8a84-1737b230ec97,redirect-target-not-found
Q112429296,person/0b398578-ab0a-4598-9f52-392263f3c1a7,redirect-target-not-found
Q106314433,person/b7e9dd74-9538-455e-8a1c-da21efab402b,redirect-target-not-found
Q22002724,person/eda53a71-b404-4d97-a10e-8dccff8ebe00,redirect-target-not-found
Q112448282,person/cef7f81b-95c9-4a16-9115-4d0207554798,redirect-target-not-found
Q29472690,person/5f78ade4-2721-4697-b61a-923634b8ad40,redirect-target-not-found
Q132153561,concept/1ffec75b-07f9-4c78-99fe-b6deca146c18,redirect-target-not-found
Q112513599,person/f25c4179-be3c-481c-8855-c1739bbe2893,redirect-target-not-found
Q49106329,place/8d014ae2-f8c7-42c7-8812-4a23439939dc,redirect-target-not-found
Q64013744,person/5343e988-68cf-48e1-b6cc-3876d641e3b9,redirect-target-not-found
Q58335598,person/43120a8e-3a5f-45aa-9853-e2dcae550f81,redirect-target-not-found
Q133691885,person/275c839b-f2cd-4714-851d-df4cda51ed64,redirect-target-not-found
Q49106788,place/c660adc2-b6db-4e99-ad8b-78e1de89c944,redirect-target-not-found
Q133749080,person/8d27a2b4-1632-4627-9991-5348cf0961f6,redirect-target-not-found
Q113488676,person/e44d64d5-41b2-45f7-b08f-eacdc0592783,redirect-target-not-found
Q49176266,place/9ae523dd-a30f-48e3-b1a5-956282de9e47,redirect-target-not-found
Q779093,person/bfd428c5-899b-4e59-84c3-50f2ca6dfd0d,redirect-target-not-found
Q133758072,person/de75a39e-d9b1-4e13-afbc-34726ccf8c85,redirect-target-not-found
Q133603152,person/ceac6c96-0db4-4ea5-a569-67f938b24dfb,redirect-target-not-found
Q59683324,person/b859a8b7-ffef-414d-9aed-c0ec1ae8b375,redirect-target-not-found
Q16829771,group/cbab3ac5-c530-4971-bf3a-154c26855e55,redirect-target-not-found
Q49105681,place/4ae4a23f-21c1-482a-b133-e96ee166bfa3,redirect-target-not-found
Q49104952,place/0c5fa4ca-dc5e-401f-aaee-a9dc07f675ec,redirect-target-not-found
Q112414619,person/7e9b39c8-7dab-419a-b7cb-1f66611f983b,redirect-target-not-found
Q133713297,person/9b620616-e1c7-4aca-8d89-302a1904537a,redirect-target-not-found
Q133674661,person/2bf555da-dfad-402b-af47-a9662bc6ad15,redirect-target-not-found
Q108803999,person/e21477b4-59b3-4cd8-acc6-8d0c51580457,redirect-target-not-found
Q110831024,concept/24558ebb-b07e-4410-9edd-83832d4f370f,redirect-target-not-found
Q133650080,person/cac9e906-6772-40f7-83d2-c244d952904a,redirect-target-not-found
Q133651538,person/74f6b921-fe6f-4cfb-ad9a-7e520c4e9f51,redirect-target-not-found
Q118678613,person/bf772920-f2a2-4a4a-9247-45e4c721bd41,redirect-target-not-found
Q133670792,person/846a0bd4-9849-4c1a-8347-8f92863f7c7c,redirect-target-not-found
Q112469764,person/e6f80b70-cee5-4e83-aefa-ec8aabb6a333,redirect-target-not-found
Q133593805,person/ddf8047a-65a9-4f0a-850c-b839dacada1f,redirect-target-not-found
Q26716329,place/4d1be17c-720b-4373-873b-40f8d4bb456d,redirect-target-not-found
Q132860647,person/ec44b0cf-4317-4ad7-848b-b2cd3f1d0a0e,redirect-target-not-found
Q55905794,person/acc8fcd5-0282-48d0-92a3-107fc5985b2a,redirect-target-not-found
Q112468526,person/3465e9d7-69f2-4c3e-a006-8cabdee5c347,redirect-target-not-found
Q99600251,person/e9e50ae3-9092-4a40-ad1d-3430639ee9ec,redirect-target-not-found
Q112517505,person/1b007ba6-6b1a-495f-b874-fc09b5f98771,redirect-target-not-found
Q112369891,person/18371e53-af30-46b7-b47f-9039f60d133e,redirect-target-not-found
Q130768759,person/7171d939-4986-4839-b8b8-e2d6e13b1241,redirect-target-not-found
Q49105630,place/328d28f6-4db6-48ff-85e9-cb15b6f398e7,redirect-target-not-found
Q112544350,person/76e2e8e4-91c5-4dbb-827d-ca65d83c70d6,redirect-target-not-found
Q116526034,place/a941b884-72b4-4151-9f27-dc311079536a,redirect-target-not-found
Q39783155,person/6bc7f5ad-43f1-4c6a-bf52-452ebca6ca64,redirect-target-not-found
Q10993733,person/7f5e86b3-873a-4bfa-b0b0-35a24341269d,redirect-target-not-found
Q1514678,concept/b4da6cca-b18a-40a1-97a0-0c6c495c8318,redirect-target-not-found
Q6882954,concept/2e3244ed-d4a4-4c77-9af5-b8bd76557dfe,redirect-target-not-found
Q125297945,person/0c1ab554-cea5-48b6-8120-7b4857ae45df,redirect-target-not-found
Q956371,place/459dd3d7-df19-4159-8094-71cfdb670f10,redirect-target-not-found
Q112480091,person/38ed8909-71fe-433e-aaf0-bbd8cc53f5d0,redirect-target-not-found
Q102260996,person/953efca7-66ed-4af6-b8a2-248b0f51a9e2,redirect-target-not-found
Q110072767,person/29949169-68a2-45b9-8a5d-37bc11c5134c,redirect-target-not-found
Q112469900,person/1e7b47ea-6bd7-4901-bd08-3d0e5af8bb79,redirect-target-not-found
Q133484100,person/dabde02e-4b17-42ed-a8b1-c93515c3f52b,redirect-target-not-found
Q49105335,place/05911a67-b07d-484b-b591-e25decbe87ed,redirect-target-not-found
Q113809524,person/1b48bde6-b30f-4dcf-8f85-860aa507c4c4,redirect-target-not-found
Q49109320,place/444a97f8-cd33-4a32-af21-c13b42653166,redirect-target-not-found
Q112501032,person/87d992ef-a67f-4746-84cf-d0871a7b320e,redirect-target-not-found
Q115475415,person/505a0dcb-ee1c-4dbc-9032-5bc5762b5e96,redirect-target-not-found
Q86738703,person/613d80e4-71ea-47a8-8dc0-12cdc4d33627,redirect-target-not-found
Q124745784,person/bdf95177-1e47-4163-89af-b4579d0773cf,redirect-target-not-found
Q94108910,person/fd6ece62-c339-45f5-bcc7-d7f1e66f65cb,redirect-target-not-found
Q95275639,person/aca87a09-f836-4301-b652-0ac0fe9dde50,redirect-target-not-found
Q49105546,place/1900a2b9-2f57-4326-bb01-75f2b2f07e6c,redirect-target-not-found
Q33694353,place/6efbb831-d7ba-4b1d-b175-53a4de64ce7e,redirect-target-not-found
Q58339972,person/af3f3759-8487-4ec4-8848-6260238758be,redirect-target-not-found
Q112501095,person/34a86dda-da94-4394-9c62-7bde60abbf1f,redirect-target-not-found
Q102145402,person/b7431d11-4122-45e9-ae49-19afb4c4a2fe,redirect-target-not-found
Q30021962,place/2b8d2c0d-719a-40c2-883d-72c97a4ae711,redirect-target-not-found
Q25275860,group/b0896d2d-8a37-49a0-9134-92e81e7be8cd,redirect-target-not-found
Q61198680,person/505cdd59-666e-452a-b470-46aa74895d63,redirect-target-not-found
Q112435526,person/4dd8b409-e270-428b-8962-443e17382377,redirect-target-not-found
Q95225766,person/d2547218-f113-43ba-9a52-2f273235584e,redirect-target-not-found
Q45412601,person/cfa58781-23fe-40a0-851a-428b0447897c,redirect-target-not-found
Q110974752,concept/0cbaf3bc-f102-4a12-a679-ca1ee7b30890,redirect-target-not-found
Q94132010,person/c46646cd-2678-46fd-bc45-46c07b5dc31e,redirect-target-not-found
Q130549750,person/1772742f-b013-4ca9-aaa4-3be8059c221f,redirect-target-not-found
Q133683558,person/6ae73d40-c7ac-4972-aa3f-22bdac6921e1,redirect-target-not-found
Q133064648,person/de003989-5924-46ab-9ed6-af8424cee392,redirect-target-not-found
Q111550548,person/e52be1cb-91c8-4343-b0e0-2a1775341a52,redirect-target-not-found
Q112450984,person/c4e87c32-02ef-4139-b06c-832d08a4b58f,redirect-target-not-found
Q97063567,person/5ee9b875-f838-43eb-a621-f2ff6713208c,redirect-target-not-found
Q112449465,person/b60309a9-7458-4537-ada5-4e01df52daec,redirect-target-not-found
Q95289434,person/1e240198-78ef-4495-b0fc-5c37482666f8,redirect-target-not-found
Q133515378,person/dabd938b-9cc8-4d88-94ac-27795f98852e,redirect-target-not-found
Q55105551,person/e22103fa-e7f3-4a26-b751-8cda55bfd469,redirect-target-not-found
Q133726786,person/02048980-7415-4197-b92c-e859d0f6079a,redirect-target-not-found
Q133705142,person/19afe365-c83c-4999-889f-ddb50d089eca,redirect-target-not-found
Q30294812,group/82653845-f40c-40ca-9602-aa565b6e0557,redirect-target-not-found
Q42931769,person/8d311fd9-10be-4b4c-b3be-b935eb57c20e,redirect-target-not-found
Q104862113,person/4aee3ee8-e104-4340-8a1c-b43eef963716,redirect-target-not-found
Q113751590,person/5d2f9758-6ab2-4ef3-bf93-c8ab7706519d,redirect-target-not-found
Q133696907,person/68e94f84-52e4-484a-b621-47440d465982,redirect-target-not-found
Q45583796,person/202628f3-704d-4837-99da-5053184bfb9f,redirect-target-not-found
Q112364940,person/4144e57c-e454-486f-a252-dee2849f0f2c,redirect-target-not-found
Q108080804,person/2da38c92-3e29-47a5-9aa2-30acb7eb54e1,redirect-target-not-found
Q50190882,person/4ddf6298-0ad5-40d5-b43d-49e2246ab12c,redirect-target-not-found
Q109587882,person/2b7e8854-8e9d-4390-84e6-8ec59ab62420,redirect-target-not-found
Q133519067,person/abe4976d-b9e8-4410-86bd-5bfa7423fbdf,redirect-target-not-found
Q125304620,person/baa9f3c1-52f8-46ae-a3b7-1b92755a9568,redirect-target-not-found
Q109493148,person/2511ab73-ce06-4a17-8316-f5736a83fc42,redirect-target-not-found
Q95345001,person/ee35cd6b-0351-45ea-9d67-14a0a5350f42,redirect-target-not-found
Q112460006,person/5b0ea576-8230-40d9-946c-1702c43817fb,redirect-target-not-found
Q204794,concept/5513665c-8762-4e9b-b2b9-f40e6d334322,redirect-target-not-found
Q96184926,person/7435c7bb-8712-492e-af90-9562a8fe213b,redirect-target-not-found
Q122752355,person/407714f6-2483-4ef0-aba7-3bfff4737518,redirect-target-not-found
Q49104873,place/a87ca247-9ef3-4053-b9a0-6154a359c845,redirect-target-not-found
Q112438230,person/5491473e-ffc9-4afc-8739-36321234447f,redirect-target-not-found
Q112407826,person/6818158e-7ffe-4c79-b8b0-18c1dab50847,redirect-target-not-found
Q108294039,concept/98878c2b-ff48-45cc-949a-f84c4d5a9b09,redirect-target-not-found
Q65182654,place/4e47d7b5-bbd5-41e6-a978-f4fdec0436f3,redirect-target-not-found
Q133691563,person/d3ac61ff-9e4d-4a9d-8780-dfa92e30ac69,redirect-target-not-found
Q55719239,concept/b1b59b00-e25b-48c9-b46d-5fe697695b73,redirect-target-not-found
Q133707847,person/62e75caa-048e-4b0a-9b18-fad7605e822f,redirect-target-not-found
Q5698852,person/69227819-73f9-4b57-afe5-3ca249f32690,redirect-target-not-found
Q104705715,person/9c1dbebf-e00d-422f-902d-d4a333a76422,redirect-target-not-found
Q125690928,person/c3c6f61f-bbc0-4046-adbb-cb0921561570,redirect-target-not-found
Q133644375,person/69b19ec2-ac29-453f-9c86-ff05f7907c1a,redirect-target-not-found
Q115411100,person/d9e999c3-a889-4ca1-b787-bc74b820d5fe,redirect-target-not-found
Q7124058,concept/cedfbc50-1572-4886-b1ce-ccba94cf1598,redirect-target-not-found
Q112466683,person/1e79c772-675c-4217-8d65-5826e01c7d98,redirect-target-not-found
Q49106571,place/96807962-1aee-457e-a527-34fb8850e873,redirect-target-not-found
Q112542852,person/7f2139f2-a07b-4671-a678-2ed5e9aa8499,redirect-target-not-found
Q94428795,person/13a0c33c-bd06-4f67-ad3b-d416e91a49bf,redirect-target-not-found
Q77348599,person/7b767322-0f0a-4acb-9dd3-eb33d0ad3310,redirect-target-not-found
Q16118418,person/963fee33-9bef-4b79-8d65-f477fdd067f6,redirect-target-not-found
Q4354932,concept/f8dd5321-4f2b-4d5c-bccd-92c8c6418a9f,redirect-target-not-found
Q112417787,person/8c17d19d-3294-4582-8399-987957b9e5af,redirect-target-not-found
Q5169763,person/68aa83ae-2e34-49d4-9355-9dfc7ec36fb2,redirect-target-not-found
Q112555625,person/d46e6ad4-226f-4155-b38a-ab08a5b20066,redirect-target-not-found
Q109833215,person/a4058791-f787-492c-9674-97b59367ee49,redirect-target-not-found
Q94640576,person/096c8791-48ad-49c2-a84f-fba53014c20e,redirect-target-not-found
Q133761373,person/29964c3a-b2c6-4022-8e84-bb00f6d62370,redirect-target-not-found
Q123375759,person/9091da51-7aeb-4c15-a704-18aee671d55f,redirect-target-not-found
Q79461625,person/43d7b662-42dd-4aee-8b29-f6e3e1c81fa0,redirect-target-not-found
Q94410122,person/fc1473a0-7a0c-4123-99dc-2d551dc8f67e,redirect-target-not-found
Q79462448,person/b3459b52-353e-4af8-b78c-52b5567a1fb3,redirect-target-not-found
Q31568291,place/1d99dfdd-1044-4995-9242-3950ade29321,redirect-target-not-found
Q25098629,concept/426d0d95-74b8-4c9f-b1cd-21ad6c9d38c1,redirect-target-not-found
Q112511964,person/1fc15c27-afd4-4734-bedc-fa66c7d00239,redirect-target-not-found
Q8044884,place/8c0f0e94-25fd-4ee8-b5cc-e3ccc251baa9,redirect-target-not-found
Q45366862,person/d264ccb8-5d87-4c7a-b30c-dc054d9c9b3a,redirect-target-not-found
Q112486170,person/5d87a3f4-cc46-4277-8544-9cf21861b3b3,redirect-target-not-found
Q112511699,person/11920fa8-44e0-47d2-8f80-14b25c34f91d,redirect-target-not-found
Q133584938,person/c8e874e8-2333-4bdf-8d9d-705ccd596f19,redirect-target-not-found
Q112523626,person/d9c08db5-4ed8-4700-8784-b02db675921b,redirect-target-not-found
Q112479530,person/69ad93af-3ef7-458b-95a5-401cbf3a014a,redirect-target-not-found
Q49106521,place/b6379d7b-8c0e-4567-b301-c4b4763f09b0,redirect-target-not-found
Q105486026,person/45b98593-a70f-4dfd-b121-82f91951c86a,redirect-target-not-found
Q65055444,person/f8873097-f1d5-4d2b-820b-42cf08f067e0,redirect-target-not-found
Q133641886,person/2ce089d2-f8a3-4862-90f9-65747f6656d1,redirect-target-not-found
Q112410567,person/5f32b273-9795-412f-80c9-13482c5a61c1,redirect-target-not-found
Q133694714,person/69ab0a7e-f0d1-4ffb-a874-424400aa22d8,redirect-target-not-found
Q49109538,place/48e1af14-8976-4862-b20c-ebfec19c799b,redirect-target-not-found
Q133336973,person/f776bfd6-cbae-4ba6-b193-d2c989033c87,redirect-target-not-found
Q94510323,person/b52bb697-c29b-465c-9d32-4322f0a68b62,redirect-target-not-found
Q94627166,person/68f2f396-39ec-4923-af36-b229b83d86c5,redirect-target-not-found
Q124708841,person/b53be365-0a3d-4365-97b7-2f161a783cad,redirect-target-not-found
Q120602757,person/3b5b59dc-f217-4453-896b-3e750628a1a5,redirect-target-not-found
Q112439354,person/25251ec3-7513-4c5c-8e89-e26f15b7bc1e,redirect-target-not-found
Q133746012,person/9367df02-2b2c-497e-801f-5ae56515c8c0,redirect-target-not-found
Q112987744,person/5ad23943-b43e-4ed2-9e5c-8760ae86d46b,redirect-target-not-found
Q133342428,person/5b9f7600-309f-48ae-a537-1a1ec86617a9,redirect-target-not-found
Q133700853,person/935582db-2174-4cd0-9248-6309287bc65a,redirect-target-not-found
Q94512168,person/95e96633-1d07-4c00-92de-6157fa94e36f,redirect-target-not-found
Q133712501,person/2cc3391a-da5c-4d33-a289-c7844b5d30d2,redirect-target-not-found
Q133664732,person/3d8ff0b3-e17d-4dd4-baf5-bb300819b2fb,redirect-target-not-found
Q133700404,person/e7b88d79-d5fd-47c8-b24f-a593c7b87c21,redirect-target-not-found
Q110137258,person/8b564a95-e905-402b-b39a-b0a4c994e803,redirect-target-not-found
Q130611976,person/4f99c513-0e27-4c2f-8e30-8ea6ec36c7d2,redirect-target-not-found
Q133659018,person/823624d2-b259-4459-855e-b4be6eac9827,redirect-target-not-found
Q133614247,person/4a8882ac-0a07-40b9-86c2-afaa1a5a533e,redirect-target-not-found
Q133595836,person/defc11ba-23c0-461f-9d16-e95615fd5e78,redirect-target-not-found
Q133750412,person/54451b6d-3eb5-4dce-b68d-d42e0dcb6884,redirect-target-not-found
Q133696895,person/6e181a66-bb5b-47b6-8966-64a966c996dd,redirect-target-not-found
Q112368878,person/b7d1eae9-b9ba-42fd-8c2e-2f4a374d312c,redirect-target-not-found
Q133640162,person/77c3fd3c-2377-429b-90b0-aa6408192d68,redirect-target-not-found
Q112436132,person/ab417110-2007-434c-ab63-4959ed48944e,redirect-target-not-found
Q79461099,person/672219eb-36a2-4b9c-957d-344119ec640f,redirect-target-not-found
Q112432570,person/bd43bf04-20d2-4350-9e83-293258753117,redirect-target-not-found
Q133601972,person/86ac7da8-8f55-4e4c-a1e4-03981a5799d8,redirect-target-not-found
Q49109926,place/b01b0ccf-b69e-402a-be93-7ec4877246aa,redirect-target-not-found
Q133609273,person/0951ffa2-c130-41bc-8f5c-d6eae8f461c2,redirect-target-not-found
Q133650610,person/9cf0b2f5-9b77-4b2f-b5b4-b07681a37b8b,redirect-target-not-found
Q124410428,group/544c27db-9620-4fdb-9008-db6db1ab0c93,redirect-target-not-found
Q112539776,person/aac46a5c-8659-4618-ba7c-663b9f445a2d,redirect-target-not-found
Q49106792,place/9aa6cd70-b752-4a69-be46-5249eb7fccce,redirect-target-not-found
Q112402759,person/3fa0bef4-602e-4be8-ba32-386dcd2c6015,redirect-target-not-found
Q133702480,person/f4e8c984-06ee-4c54-95a0-122b94d47800,redirect-target-not-found
Q49106590,place/fd4b43ee-bbdd-4204-b2ae-1efc6c9841cc,redirect-target-not-found
Q133734613,person/130f7336-85ce-44b0-b6d6-110c753faadf,redirect-target-not-found
Q7022680,concept/2f7ba9fc-6e5e-4858-ae52-5629e3d2c5f0,redirect-target-not-found
Q885392,concept/7c283a3b-eb8b-4e29-a37a-db2d5cde233c,redirect-target-not-found
Q132931295,person/9719b890-5c6e-45e8-8594-009dc2e7e173,redirect-target-not-found
Q133600586,person/9d4ee841-7b08-4a16-9cc4-9b9407dbb0cb,redirect-target-not-found
Q112432614,person/a7588d7f-0f19-4bd9-b29a-debd5cac445a,redirect-target-not-found
Q112994668,person/8a4c9e9c-113d-4514-91ab-ea02a288a8c3,redirect-target-not-found
Q133639069,person/1c55f5d7-624b-4853-8a22-5b6c122a9acc,redirect-target-not-found
Q133667582,person/d0dbd85c-1cdf-4a25-bdeb-96b9ecfc01eb,redirect-target-not-found
Q131785538,person/d22cfe55-7370-4015-906b-61799ca06b13,redirect-target-not-found
Q133621091,person/01bac184-b784-4d19-9dd7-be88d96faa0d,redirect-target-not-found
Q117427966,person/f401769e-8f90-4712-9b8c-459c79375a05,redirect-target-not-found
Q133645219,person/e1d973e1-0d8d-4b95-98a4-c9069354619a,redirect-target-not-found
Q33662219,concept/1bc04c46-14e3-4bee-bf2a-3397c04d480b,redirect-target-not-found
Q133590249,person/3aa38510-6ffe-4765-9f6e-f9d84962ead6,redirect-target-not-found
Q117288470,group/205e08bf-ddba-4944-9fbe-991e4c169f3a,redirect-target-not-found
Q60735866,person/d41bf7b7-1f93-4215-8bf8-440148f15448,redirect-target-not-found
Q133697129,person/d388feb6-596e-4967-bbec-80e7942af282,redirect-target-not-found
Q112407827,person/377c7207-673f-4269-a0fd-1f84f3dc0b64,redirect-target-not-found
Q133704497,person/3448b0ad-c1ec-4b82-8ff7-fa02322753b4,redirect-target-not-found
Q133679753,person/ff8c71e0-0e56-4670-ac45-541d0c3496e3,redirect-target-not-found
Q132989506,person/8ef48c08-e4b9-4492-a0a1-cd942f6c3a74,redirect-target-not-found
Q112359774,person/82b0d8d6-854e-446b-a261-5f6155838856,redirect-target-not-found
Q112529302,person/9f2f1f5c-4bb3-4180-af66-446fe5891cb0,redirect-target-not-found
Q133723912,person/83840245-914b-4697-b688-8cb1d2edb291,redirect-target-not-found
Q21079948,place/6773afb3-3958-455c-a14a-d40c63da8437,redirect-target-not-found
Q95701830,person/73dfd7a3-1091-45df-ac41-b7f12c1d6b88,redirect-target-not-found
Q124972833,person/7d09d001-39fb-49a8-ad6e-93cf45324250,redirect-target-not-found
Q131781462,person/dcd705a9-2433-453a-a3e8-e0f059ad7f05,redirect-target-not-found
Q133683023,person/d900bc8b-2938-4cd9-bf36-8185c53a43a9,redirect-target-not-found
Q89026729,person/fda5371e-61a6-44e7-ae28-b676c2847376,redirect-target-not-found
Q133636113,person/905d53f4-8842-4b38-983e-a703faeb6ce8,redirect-target-not-found
Q118190208,person/11d6e503-9746-407a-a7b3-d67c40bd10b7,redirect-target-not-found
Q133682549,person/9c4b5831-99b1-41ab-b14a-eeb763ec405c,redirect-target-not-found
Q57164084,person/01ad60e0-2c13-4795-abd3-db168ba044b9,redirect-target-not-found
Q133724550,person/0275851f-be83-467e-b9a1-c458727ed5fc,redirect-target-not-found
Q133615150,person/154a3e90-0079-45d1-9fcb-be7b5956be40,redirect-target-not-found
Q133661183,person/31d614ad-40df-479f-a4eb-f822049d4914,redirect-target-not-found
Q9284384,group/f86d3862-177d-4c74-9481-430a5c706129,redirect-target-not-found
Q124750033,person/5ad667f0-c81a-4573-be43-9b4917409079,redirect-target-not-found
Q56756122,person/3422f0e0-813c-459e-af66-a141f41a5c45,redirect-target-not-found
Q133738389,person/15dfc55b-8145-4f81-ab9b-42cde6bd55c1,redirect-target-not-found
Q33730015,place/8585b4bb-2316-4b8f-ae0a-dcddf0691a6c,redirect-target-not-found
Q133618170,person/60057b84-9d2e-40c0-b90d-30ee243c684d,redirect-target-not-found
Q112411571,person/1cc1385e-f4ee-4ed7-98d2-a786261ce743,redirect-target-not-found
Q131597288,person/48f7f2f7-c677-42ee-8979-b1291feedd2f,redirect-target-not-found
Q113802380,person/35043cd8-1371-4bce-a7e2-fb0bc5f8b7cc,redirect-target-not-found
Q133686013,person/9fa39a10-fa62-4616-bfb0-a1a8069d5217,redirect-target-not-found
Q125209835,person/e4376d42-ec25-458a-be1f-0a166d0e5b29,redirect-target-not-found
Q131770692,person/30cbe038-5d39-40fc-b516-39977999cc04,redirect-target-not-found
Q105770487,person/240c6e6f-2fc8-4d27-addb-4006860e6b7b,redirect-target-not-found
Q32827283,place/9ba02445-64c5-488d-8429-70da61d5f7c0,redirect-target-not-found
Q110174764,person/bb1b9ba8-32fc-47c3-9ac1-01e256d653e9,redirect-target-not-found
Q109886249,person/c9a8f431-ad29-4a72-a0f9-0343e8e1b1af,redirect-target-not-found
Q118923895,person/35e68dfa-133a-4210-b1f5-70296f12ce28,redirect-target-not-found
Q112463881,person/bf07691e-6d57-476a-ba80-5d15c3e850aa,redirect-target-not-found
Q133718253,person/adaad3d7-a03c-4e78-8ed9-c674959b3a75,redirect-target-not-found
Q25451366,concept/92fbae8e-f2a9-472d-b776-baa928d0db5b,redirect-target-not-found
Q124745562,person/1db3f3e1-3b6a-4fc0-aa67-fa600e9042f2,redirect-target-not-found
Q133711537,person/710d88dc-6efa-4a0a-94ae-e1aa1e7e5770,redirect-target-not-found
Q112355646,person/80f3fb6d-6399-4477-beb6-b46f57fa41be,redirect-target-not-found
Q133727670,person/fdc812b0-e58f-4c67-a99b-4ae9beb2ce7c,redirect-target-not-found
Q26780772,place/4c7ad6fb-ec1a-4190-89d8-86ef93952724,redirect-target-not-found
Q55072163,person/9b8a9d8e-f20d-42a1-86cd-e3c49b7a66c3,redirect-target-not-found
Q112550001,person/a207c555-82e1-4481-a365-3ac5c710b363,redirect-target-not-found
Q133747339,person/bea16e47-2cc1-411b-b9a7-985e129378d7,redirect-target-not-found
Q133662422,person/f5795f85-f36d-4b11-9cba-4b9407e9ef61,redirect-target-not-found
Q112445451,person/868920f1-00b7-48e3-9357-e69999df73dd,redirect-target-not-found
Q133781295,person/ecf039a5-167c-4647-96b2-5d350bacdaf0,redirect-target-not-found
Q133651775,person/da17f31d-1792-4679-9447-dc0ea5ba2699,redirect-target-not-found
Q53507509,person/8219fcc3-52e1-4e93-b605-9a383c81fabe,redirect-target-not-found
Q99614031,person/e3e68204-aca2-445e-8b21-a3fff59f2869,redirect-target-not-found
Q132918856,person/c94f2d65-7671-45f4-b3e0-54aad10a861f,redirect-target-not-found
Q110089693,person/148c72b6-fd24-4ccf-9010-fa3b9e8c7a93,redirect-target-not-found
Q79462010,person/bda03552-66d9-4fe6-96bd-7c501aa61aba,redirect-target-not-found
Q94508602,person/613676a9-3b22-483c-911e-8a9d13e106dd,redirect-target-not-found
Q49481602,group/23ae999f-f631-4f76-9940-ff380dc52849,redirect-target-not-found
Q11626675,concept/76412c12-9cb8-48f4-9344-69556ba23df8,redirect-target-not-found
Q132959955,person/9c92ba0f-eca7-4308-8361-3b7e5f4010c3,redirect-target-not-found
Q112473657,person/140822fb-7b58-4aca-8e46-a8c1f9b7c95d,redirect-target-not-found
Q124857221,person/fe79bab7-6d1b-40d3-b75a-11210ebab8fe,redirect-target-not-found
Q112441566,person/4bfa98d5-0a55-4b2f-bf73-f211def2b373,redirect-target-not-found
Q124866128,person/f3b6c3ab-f192-4e1f-8951-92bca2ef0a57,redirect-target-not-found
Q133705606,person/4b6529d7-c5d6-4af9-9960-426cba3d0938,redirect-target-not-found
Q133664540,person/0ad2c0e7-cb4d-45ee-bf23-9bccc0777209,redirect-target-not-found
Q28805156,place/567ca30f-50ab-4371-a6c9-c0a229e085fc,redirect-target-not-found
Q133688380,person/a332a532-578f-447d-a938-a4250ca803ae,redirect-target-not-found
Q130794767,person/44856751-2815-477c-80ef-a9a9f3b754ea,redirect-target-not-found
Q94260048,person/7ec6189e-6103-4978-b108-98c3a66188e9,redirect-target-not-found
Q133664968,person/20509866-1da9-4252-91a6-9ad86fb3f570,redirect-target-not-found
Q109853788,person/9bfe27c2-3d44-47d4-a81e-c8bde9c3195d,redirect-target-not-found
Q133704697,person/afdf4de3-fa7c-4051-b052-13e9945ce8b2,redirect-target-not-found
Q94942956,person/6b306ccd-fa49-4cad-8982-e1073c37150a,redirect-target-not-found
Q10302305,concept/70747c39-69fe-4488-a5c3-914be0595524,redirect-target-not-found
Q133653870,person/bc5218b9-8e68-4ede-afce-aeb6289a42a6,redirect-target-not-found
Q33788465,place/5566bdf2-4dd3-432d-9807-36d5083a8244,redirect-target-not-found
Q112481009,person/5bf2e19e-f61f-4f31-b7f7-2ee6d3dd3fd3,redirect-target-not-found
Q104099516,person/360b1993-287a-4389-ac06-05f1b456b8cd,redirect-target-not-found
Q55172521,person/ea574ab5-2713-4e76-b30e-c92fd47ad405,redirect-target-not-found
Q112459624,person/7b699094-3651-4b30-8e39-57115f252750,redirect-target-not-found
Q113767297,person/562af5b4-e51a-48db-96b9-a7f258bd6e87,redirect-target-not-found
Q49104013,place/3946e1e3-7e70-4477-9587-a310e8f8564e,redirect-target-not-found
Q133697437,person/02438bc5-568b-41fd-94e2-0da56330a761,redirect-target-not-found
Q133682617,person/4c4bd6bc-cc9f-43e4-aa10-d99e5ff53960,redirect-target-not-found
Q133750877,person/d20a2544-e8fd-438e-bf75-78ab8ee1c019,redirect-target-not-found
Q113399125,person/37463183-047b-453b-bed9-864c0a3b6643,redirect-target-not-found
Q112432800,person/a403ad74-95b5-4ab5-ae74-58e95c2c5582,redirect-target-not-found
Q133646423,person/210ef116-3245-4c7d-ba2d-e1515b825aa4,redirect-target-not-found
Q112517460,person/9f92440f-a14f-4482-805a-0b98e69696b2,redirect-target-not-found
Q125473292,person/966a1b4c-4158-4d4c-a081-0e9be0b0c42a,redirect-target-not-found
Q133649734,person/fadeca52-b4dd-4112-a257-9033296c146d,redirect-target-not-found
Q130764729,person/e5b5b881-7d86-45c2-8845-9e85e3093db4,redirect-target-not-found
Q133672407,person/e5bd9620-0da4-45bb-b536-311ff3354d9e,redirect-target-not-found
Q133704249,person/d4b5473f-9952-4caf-9c94-246c2b5ff301,redirect-target-not-found
Q112405914,person/3ddc22d9-e065-4cf4-9bcc-dfcd7b3670ee,redirect-target-not-found
Q133711008,person/d6b00093-dc0f-4e34-b67c-928ad447b814,redirect-target-not-found
Q132983650,person/fe237d6b-a454-46ab-a5e9-6c08aaebc20d,redirect-target-not-found
Q132965315,person/81f23a24-aed4-4593-bc76-2b831ab9c3d6,redirect-target-not-found
Q101528181,person/a84cce1d-f379-41d6-9b04-fb1a2ec4d485,redirect-target-not-found
Q112548971,person/626c7b28-0ef4-45b0-b936-dfdd07c077a8,redirect-target-not-found
Q133642101,person/d2e58f15-1a04-4a3a-9314-14edf05dfd69,redirect-target-not-found
Q133724420,person/e84ee003-75e9-492c-8fdc-53e0968ad1a0,redirect-target-not-found
Q88362244,person/9c4fdaa0-2d75-41c4-bb4f-e66f86304d24,redirect-target-not-found
Q133696570,person/f7ab0a8e-0159-4593-880c-0cc10e3cd381,redirect-target-not-found
Q57700578,person/2da18fe7-e9d9-4b7f-b4ae-b75626eb0ad3,redirect-target-not-found
Q133691445,person/a8056654-d9b0-4091-9cbe-18797143c1bc,redirect-target-not-found
Q133708862,person/5ff1318d-c4cc-4144-bc25-7097a632aa6a,redirect-target-not-found
Q130770021,person/e5d049ff-fe56-466c-996f-70791eb83225,redirect-target-not-found
Q133765665,person/b2025823-a592-43f0-ac85-9731b788ea44,redirect-target-not-found
Q112486994,person/c09d9e9c-2cec-487d-832c-4e650381ada4,redirect-target-not-found
Q102351565,person/f52a293d-0087-46af-a55e-521d46054b8c,redirect-target-not-found
Q68603374,person/d1421a57-ad03-4298-a057-6d57f49e19ac,redirect-target-not-found
Q133785355,person/660c5e94-89cc-4511-80b8-e20484bedf89,redirect-target-not-found
Q59529212,person/6af2d15c-ca98-495d-9332-78bb3924ce20,redirect-target-not-found
Q112494843,person/8ba1a88b-5047-405e-b621-634cee21df37,redirect-target-not-found
Q133602583,person/a8a042ba-effc-439d-9b1f-bfe0281f1397,redirect-target-not-found
Q133652943,person/e685a79a-45ae-403e-820a-ef17318aaf31,redirect-target-not-found
Q133651532,person/52b4f2e9-737a-409e-beac-0707592df6ec,redirect-target-not-found
Q133596459,person/be2bc128-5c8a-4a04-a5a0-3ea025992c9d,redirect-target-not-found
Q133734608,person/d1b47321-1d66-4496-82a5-43cf8c5cdbc7,redirect-target-not-found
Q132904930,person/17cf466a-763c-417d-bd8a-581da5be608c,redirect-target-not-found
Q133603248,person/f65f48ae-3f77-4cc3-8c30-aaa4c277c3e2,redirect-target-not-found
Q21658534,person/806da9e2-eb4d-4cbf-863c-2028c682caba,redirect-target-not-found
Q102046786,person/8939d6bc-b105-4d68-bd5c-a412b996bad6,redirect-target-not-found
Q112537290,person/a0e3f43f-850b-420b-b2b6-ec82c8b8d407,redirect-target-not-found
Q133006246,person/f92d1c76-a64f-4222-ad1e-4d91c3c9c6bd,redirect-target-not-found
Q112403351,person/88e4709b-b7b7-4610-bad8-e8c5fc9a223e,redirect-target-not-found
Q112540325,person/51c2a053-44ec-4acc-9240-9193e5aaa3d0,redirect-target-not-found
Q133638920,person/a194bdc8-9d50-4fd8-a1a7-c553ba1b5f1b,redirect-target-not-found
Q133661152,person/251ba899-2309-4694-b948-362c1d673f82,redirect-target-not-found
Q112552532,person/d80c7db2-12d2-490b-95c5-fe4762414dc9,redirect-target-not-found
Q22646567,place/3024cf56-54f5-4e6a-92b7-7df850b9a0a8,redirect-target-not-found
Q30027970,place/82ad4b14-ad0c-4e28-ba96-157302f5a57f,redirect-target-not-found
Q95232632,person/1f2aeaa9-f9ce-4179-b79d-07624b6c768a,redirect-target-not-found
Q113842024,person/b5375a99-e760-446b-b1f2-c220249a582c,redirect-target-not-found
Q133640780,person/ba46291f-c303-4c96-82f1-8d417bd328e0,redirect-target-not-found
Q112407088,person/3d0ba375-a8db-4fde-a570-54e7d78d722c,redirect-target-not-found
Q133704124,person/da80e5ae-a66d-4887-8584-ee98acccaa6e,redirect-target-not-found
Q43895570,group/98e9237b-1ec6-451b-adc5-25c933991702,redirect-target-not-found
Q127510454,person/74747216-5a84-41bc-a153-07f286d69ae8,redirect-target-not-found
Q112485893,person/198f5832-97f6-4f37-84e2-d411a4420db4,redirect-target-not-found
Q31625986,place/09b5098a-f938-4dd5-9416-f2188b7c411b,redirect-target-not-found
Q133642441,person/325a0199-a149-4f15-a71c-942afe428aa1,redirect-target-not-found
Q130793957,person/6c8eef2d-cfa2-4238-9e5c-da052bd62d27,redirect-target-not-found
Q21718810,place/c4e97264-48c7-458f-bf7b-e97e3f7e2020,redirect-target-not-found
Q133657754,person/c6d12c53-374d-449f-826b-d2e5c4ebb141,redirect-target-not-found
Q133645763,person/cc61263b-221a-472b-87eb-96392aae44f1,redirect-target-not-found
Q132960964,person/33adbfe2-b1c8-4979-b99d-75b122f0cfbf,redirect-target-not-found
Q133019423,person/cab5fe1c-6692-4e6d-bf2a-c831d9d63909,redirect-target-not-found
Q95182132,person/41df23ff-a284-401c-abce-ea444fb6cfa7,redirect-target-not-found
Q112505141,person/2f3753a0-4076-4d9c-ac01-531696c18b49,redirect-target-not-found
Q112387561,person/d3e428c9-91f6-4f30-b34c-fa5e7375a69e,redirect-target-not-found
Q132906955,person/a5ca12eb-36ea-4048-a126-1e170843881e,redirect-target-not-found
Q133736414,person/7983f7cf-01c9-4033-a65c-b488f3bca6c5,redirect-target-not-found
Q112533175,person/5e9df982-2297-4fc8-bfdf-793c92eb5dd9,redirect-target-not-found
Q110698033,person/a987f477-597c-4b05-8c4f-b66277e203fe,redirect-target-not-found
Q131447223,person/a5c8bf5d-0214-4de2-b01a-5a8f9ca82cf0,redirect-target-not-found
Q133632086,person/731dad48-5da6-4a9f-8bae-d21f1570cc32,redirect-target-not-found
Q133599046,person/be46ff87-9385-4a23-ad4d-c6139557a596,redirect-target-not-found
Q133628432,person/fcb885e5-b51e-400e-9b72-15000559d1f3,redirect-target-not-found
Q133640882,person/474f02c4-9c48-4bb4-a19f-f17c1a8c0e31,redirect-target-not-found
Q95865519,person/f428ec27-cdff-445a-9feb-37f7e2d1f27b,redirect-target-not-found
Q27991463,group/d9f119c5-cf5f-4e2f-8476-f5efdf9dd148,redirect-target-not-found
Q133717378,person/7b980f2c-4047-402c-ab97-ba335f8953b9,redirect-target-not-found
Q112500448,person/6cbb9059-0824-420d-877c-18d8ea357cf0,redirect-target-not-found
Q112376001,person/69909f3b-7d8a-4d04-a857-3f71acead697,redirect-target-not-found
Q88539305,person/05a2d1fc-a3fa-4916-b403-a85376ed8cdd,redirect-target-not-found
Q133590846,person/7c4503d1-4a4c-4bc1-a830-38f33fc2da21,redirect-target-not-found
Q112468153,person/f8ffb7a0-d2da-4878-a522-de69e2e52321,redirect-target-not-found
Q133607886,person/8bfaa500-8f87-4870-8d57-d46192648865,redirect-target-not-found
Q133593253,person/56dfcae9-b100-414e-826c-3fe6e369019d,redirect-target-not-found
Q55835514,person/9c689af6-30ca-4f30-bb85-d9220dbc34c6,redirect-target-not-found
Q131581767,person/15d7261d-f222-4be5-8e5d-6a833c2bdb79,redirect-target-not-found
Q133721429,person/220fe67c-776a-414d-9283-bb84436dfbc8,redirect-target-not-found
Q109295054,person/876329cb-7f37-4b9b-bf5b-3feb68ff2196,redirect-target-not-found
Q122106929,person/c81862e7-dd10-4f5b-a2d6-34eefeafabe5,redirect-target-not-found
Q49104678,place/5f161ae9-5125-4b38-a6a2-770dbdc5dd78,redirect-target-not-found
Q112528692,person/1bb2c71e-48a9-490e-8610-e4a77439e602,redirect-target-not-found
Q94535295,person/44e23317-2501-47ca-ab98-5a0f7b491988,redirect-target-not-found
Q132944560,person/e888571b-8514-4220-8cde-573cf5bd992d,redirect-target-not-found
Q133699707,person/2d49263f-e808-4faf-bec2-672b9e387a64,redirect-target-not-found
Q49355590,place/b3eb5bba-bf24-4bff-920b-4090e56ecc74,redirect-target-not-found
Q110974737,concept/5a5c9a88-87b0-4b3f-8c1b-6b39968e1b26,redirect-target-not-found
Q131772277,person/b24a6789-2726-4097-95da-0f976070fa15,redirect-target-not-found
Q133703654,person/139741d3-37a7-4ae9-b1df-db178cad5d87,redirect-target-not-found
Q130776411,person/ff7d66b9-ee83-426e-8994-1c55218a748b,redirect-target-not-found
Q26718386,place/f89bb2be-b19b-4508-a6ae-a986892bc6a1,redirect-target-not-found
Q133332387,person/ca7a4e4e-9834-47d8-a0e4-101ab4acda1c,redirect-target-not-found
Q132919254,person/86e4ec34-784d-4ba9-ba39-8792c6bff206,redirect-target-not-found
Q117120027,person/767a2af9-5a82-4073-8c26-6c548d26500f,redirect-target-not-found
Q133711485,person/5b48c18b-49cc-4acd-8018-d791d826f707,redirect-target-not-found
Q133164279,person/6c2c2c80-f2fe-4c88-bddb-1715da245385,redirect-target-not-found
Q94653434,person/c5e190c0-187c-48cb-93c0-4c73a642a86e,redirect-target-not-found
Q133091199,person/9585d81b-3c76-42eb-af0a-da24b3877815,redirect-target-not-found
Q132924849,person/6a7d02e8-628a-4d27-abf9-dc386fd47271,redirect-target-not-found
Q133501669,person/59e0de24-cd21-4d45-a316-37d6dc065b1b,redirect-target-not-found
Q133070312,person/ed5db1a6-3173-42ee-99cf-3b19857f6598,redirect-target-not-found
Q133702554,person/eb222dbc-0802-4cc7-b1d3-13a681c6659d,redirect-target-not-found
Q133695583,person/e61341f9-faab-4379-af2a-4a26376034d4,redirect-target-not-found
Q103323581,person/ed09cfc5-f4bb-4c16-8434-7f7435ed27f3,redirect-target-not-found
Q108895592,person/cc9007b0-51a8-4d2a-b494-a74e623a0ae9,redirect-target-not-found
Q133704803,person/aab7347b-7090-44b2-ac8e-a5c91dc9fa55,redirect-target-not-found
Q133655107,person/2eeedac7-a6b2-4108-beb8-ddc29e6bd086,redirect-target-not-found
Q113724236,person/e6387d3f-ef71-4f1a-ba77-70506de1ccd1,redirect-target-not-found
Q115161741,concept/7367ffaa-3abc-4f35-97c9-ff14d0d91c50,redirect-target-not-found
Q133754856,person/bcd81eb0-5f7b-4e62-aa9f-a70f7e2b2b0d,redirect-target-not-found
Q133376162,person/d8e75326-83c2-4ef1-8611-b682891504e8,redirect-target-not-found
Q112547922,person/5e807ee3-c546-4dfe-9d8e-661dabc37c91,redirect-target-not-found
Q133703781,person/5d711540-a470-4b13-ac19-d95becddb676,redirect-target-not-found
Q133696684,person/55a8cd70-e0b4-4d32-8693-86c181004395,redirect-target-not-found
Q132903652,person/18d544db-32e5-42ce-aaa0-be0b73815264,redirect-target-not-found
Q112434368,person/7f7c3c80-328c-406e-893f-2cee51b3483c,redirect-target-not-found
Q133708664,person/eb24dc1c-aafa-4fa9-a939-80803e04e1c6,redirect-target-not-found
Q133678952,person/8c33fc07-01c0-400e-8e7e-5ffc59c5c861,redirect-target-not-found
Q133610297,person/5b061687-5f23-4507-87a3-a75c26a7b7b6,redirect-target-not-found
Q133768621,person/acfa45d4-046e-46ff-983b-4d7bdf9e7048,redirect-target-not-found
Q133641120,person/fcc2e519-83b0-4899-8a09-e0b0920bd872,redirect-target-not-found
Q120592566,person/e3013cff-54c5-4dcf-a922-11fb1775f9d3,redirect-target-not-found
Q133647691,person/3e6471a0-7dcf-4c60-a0cf-4e51a6032de9,redirect-target-not-found
Q131780220,person/29d4cf34-1a11-4eaf-b350-ca3c1297a3fe,redirect-target-not-found
Q112491075,person/90eed029-7088-4eb7-a603-ace986bec4ba,redirect-target-not-found
Q106030322,person/9abf3152-ea34-4a30-98c1-fe114507da0b,redirect-target-not-found
Q105695844,person/dfc7c36e-c591-42e2-b70c-cddccf27c326,redirect-target-not-found
Q133633402,person/bc1c56fe-e28f-4618-bf32-734e1f5452bf,redirect-target-not-found
Q131778770,person/863a77f0-9832-406f-98b4-30a5b6a8b842,redirect-target-not-found
Q133697474,person/c76526af-d268-4621-9dc1-9e4efca003ad,redirect-target-not-found
Q112520623,person/10c8e269-1085-4f55-8482-2586144a7bd6,redirect-target-not-found
Q121547136,person/69e20c41-bd30-41d5-a61c-42ee267d77b4,redirect-target-not-found
Q111578043,person/513c8395-1ed7-4e46-833b-5146f4c450d0,redirect-target-not-found
Q112481195,person/98850855-4a09-48ec-87c1-d3699159a5f8,redirect-target-not-found
Q124641032,person/af86ee98-737a-44e7-b2fb-925690416eab,redirect-target-not-found
Q133621299,person/fa96760c-5d0a-464e-b52a-af88b246333a,redirect-target-not-found
Q132920558,person/69fd575e-a61c-4225-a487-bb8e07968201,redirect-target-not-found
Q133625017,person/3a8ab77e-1e96-489a-8489-43d27566da4b,redirect-target-not-found
Q123676265,person/1d959b31-9e51-4d82-ae46-b6d2fc4fe612,redirect-target-not-found
Q112546393,person/6a15a7e2-33ef-4e79-93c4-6788c92adb43,redirect-target-not-found
Q133700625,person/e35c0c4d-493d-422f-b403-133288181206,redirect-target-not-found
Q7700040,group/e5f81225-c1be-4054-bf3f-d07562026e13,redirect-target-not-found
Q112512407,person/31b800bd-dcfa-4681-80cf-518c8a3d9409,redirect-target-not-found
Q110669433,person/210ddbd6-cd34-435c-b24b-4042fda5807a,redirect-target-not-found
Q133675279,person/c2440573-2b7f-4c53-8210-4a81237f7d84,redirect-target-not-found
Q133669786,person/a5788aa4-9ef0-4d24-96ea-f8eb48b10f22,redirect-target-not-found
Q53505659,person/e60bf95a-e076-4ccb-bbf3-5e2ba5094304,redirect-target-not-found
Q133708863,person/b62b3f75-60a2-4ddf-9583-85fb55a07de5,redirect-target-not-found
Q130834710,person/5cc815c1-1ad3-4cc5-9a1f-a36a26c76493,redirect-target-not-found
Q130771199,person/c79e9124-efc4-4602-bd08-b71b9850fcb5,redirect-target-not-found
Q131626804,person/f6ba2c2d-9732-4ed5-b6f4-8fb7650f22a9,redirect-target-not-found
Q133748269,person/889ba3b8-816d-4a3a-8fbb-8e7a93332b8e,redirect-target-not-found
Q45506435,person/877a36d0-7502-4e57-9092-883c16cb202e,redirect-target-not-found
Q45649813,person/d43869d9-fbca-4407-8352-cb8a03525daf,redirect-target-not-found
Q43140392,person/e1a867dc-6cd7-4c87-bbb4-9223b4f3c8c1,redirect-target-not-found
Q112503301,person/99e1a88d-0cef-4742-932b-50b26962a5be,redirect-target-not-found
Q95202759,person/d9acf4ba-9e8e-4d4d-8c66-61e8550d7e66,redirect-target-not-found
Q112432916,person/72e57bbf-ad95-49ca-b7ff-77d268b99769,redirect-target-not-found
Q133641129,person/3efc201a-9f19-4b14-a5e6-90178825576f,redirect-target-not-found
Q133620402,person/103c4f8a-f0f1-4b78-a8e7-6db00fae3f25,redirect-target-not-found
Q112409159,person/4ed9c2ed-486b-4515-9972-309c0ac88056,redirect-target-not-found
Q95447410,person/137c3b37-bc96-4589-8bfd-36cda0826a4f,redirect-target-not-found
Q133675065,person/0dd5ff94-eac1-4dba-b429-d0ed6654e207,redirect-target-not-found
Q112437429,person/b9452fed-d602-4ce3-8fbd-2147b16cc309,redirect-target-not-found
Q133713230,person/a49538db-6c1a-4041-8926-7b4ad03df6b1,redirect-target-not-found
Q96748565,person/800894b2-f9f6-4a83-8710-719b0d8ba017,redirect-target-not-found
Q125510120,person/08476227-494a-478d-a90b-b998b85d8c48,redirect-target-not-found
Q133636118,person/55486418-cf9d-4414-acf1-925733f08889,redirect-target-not-found
Q128602593,person/7e9afc91-7627-4c44-9e0e-3f450aad6800,redirect-target-not-found
Q112368873,person/e9e23147-105f-49bc-bf58-bd89ce2abbb2,redirect-target-not-found
Q124741255,person/467640dd-adf3-4a37-93c7-57b0eb869b6f,redirect-target-not-found
Q55987929,person/d261eab3-56c8-4f78-9ca6-d01041322212,redirect-target-not-found
Q133621570,person/3f6a90fe-d6b3-452c-9f28-718111ceb724,redirect-target-not-found
Q112555040,person/d51c8090-a224-45c3-bcb3-4c9681abe60d,redirect-target-not-found
Q133619105,person/6394c698-6bd6-4543-8ca5-5b987b0e90ef,redirect-target-not-found
Q131774812,person/27c64b67-ba67-4a90-a2db-06d075b677d3,redirect-target-not-found
Q133642778,person/0001b016-e861-40cd-8889-7b49d3ea0a76,redirect-target-not-found
Q95316882,person/6503fb67-5c56-4f18-a973-fd1b97d9f5b9,redirect-target-not-found
Q113342461,person/bd0d0fdc-5a25-4d18-b4cd-f3cbb517ea3b,redirect-target-not-found
Q133655758,person/a89623d2-1951-4f7d-b98e-5e79bb6393e5,redirect-target-not-found
Q112467585,person/e15a2a0b-9cf6-48f1-adbf-f8f17dd58d6a,redirect-target-not-found
Q94518786,person/2f0ccdf7-15cc-4476-820b-0b97dc93501e,redirect-target-not-found
Q113811041,person/677cd227-cf47-4e36-a08e-6dd5fffabc52,redirect-target-not-found
Q93230526,person/61aeba7f-042b-43e1-b7bd-d82485faba7f,redirect-target-not-found
Q133713259,person/533dcf0b-7faa-4cb0-8fdd-c890eb07c4d7,redirect-target-not-found
Q132964068,person/868872c7-9d82-4209-a294-43685f25065d,redirect-target-not-found
Q21643027,person/f9703bd7-bdda-4961-aeb7-4af7efab7619,redirect-target-not-found
Q112388723,person/2bfb739d-b6b4-4a77-8868-1e2c80d07b15,redirect-target-not-found
Q130795397,person/6ac65c4e-6275-4f89-ae53-01a107a0de2d,redirect-target-not-found
Q49105117,place/383f53b8-ecf7-465a-97bd-765fec238973,redirect-target-not-found
Q112479665,person/5b78889f-932a-4f69-905d-d0df17445fb5,redirect-target-not-found
Q133764450,person/50f57dfc-721f-41d2-bed2-d988acb82537,redirect-target-not-found
Q133718445,person/28032c56-5bd5-4cae-93e0-86fa76e66360,redirect-target-not-found
Q133649043,person/340904d1-0f71-4ca5-95fc-9fa1b3b3b38c,redirect-target-not-found
Q132946302,person/0536873a-52d0-4924-b86e-27eb4cfabd84,redirect-target-not-found
Q98175601,person/e200aa75-7458-4e2e-8edf-d49ca6e83db2,redirect-target-not-found
Q133603059,person/ee356faf-321b-40da-86bd-aa557aa8d144,redirect-target-not-found
Q130813080,person/c0cff6fa-626b-4f2f-af8b-4be6d1cb1d8c,redirect-target-not-found
Q133773667,person/079eb2a4-0e24-4ae5-b49f-61ec1acec7ed,redirect-target-not-found
Q57955727,person/1c4f1b06-ef0a-4b06-8ec3-79f2ca589d8b,redirect-target-not-found
Q133745846,person/cbc187b8-f755-413f-b7ca-7229c531def5,redirect-target-not-found
Q133656110,person/f5531600-6a2e-45da-9cb6-b5d1f9b5a16a,redirect-target-not-found
Q133683859,person/933af40c-255b-42e2-84cd-706d749db93e,redirect-target-not-found
Q133586411,person/c4564f09-2556-4bf4-a57f-088a95f2e32f,redirect-target-not-found
Q133757610,person/e2857583-8605-4082-87e9-859df1706768,redirect-target-not-found
Q93427454,person/2bf8f849-04ff-4c5d-8684-d69e7b7fde26,redirect-target-not-found
Q95197519,person/aa7c00fd-e6e2-413d-9ce6-25a438ab6132,redirect-target-not-found
Q133713428,person/41c53d88-c0cd-41d6-9040-fba0c8d62ccf,redirect-target-not-found
Q133704298,person/d422b6be-e6c6-467f-9520-ebe2470f1289,redirect-target-not-found
Q60795432,group/6cec50d0-22cd-401c-abc9-66b51de816a9,redirect-target-not-found
Q133696809,person/56000b27-faed-42d3-93f6-3fe2e322d5b9,redirect-target-not-found
Q125691834,person/2f7b2906-2884-47f9-92d2-8162c39e484d,redirect-target-not-found
Q133664450,person/711118bd-85f9-4e02-870e-632a3e452510,redirect-target-not-found
Q4955084,person/a7944302-cece-4671-86d8-1abe53f9550d,redirect-target-not-found
Q133674384,person/ce849360-4ffb-4e0b-b194-31b016fd6d6f,redirect-target-not-found
Q49004140,place/2c941e7a-0b33-4f2b-8d62-878728a917aa,redirect-target-not-found
Q131772407,person/9cd515c5-8ebd-4bda-b5e9-e959cf9562ab,redirect-target-not-found
Q133658403,person/52223817-4cc3-4ac9-ba6d-43c9a625fdfd,redirect-target-not-found
Q132933054,person/72edbccd-e3a0-4f60-b6c8-6dfc4009a8a5,redirect-target-not-found
Q112482581,person/ac9f9d19-2541-4a15-ad84-7201a9f2d6f8,redirect-target-not-found
Q112521422,person/c1a521d0-91e5-4959-b607-8c60a4ce9d9c,redirect-target-not-found
Q133683967,person/c6c7f23f-2819-4893-8127-2c17f8446e6d,redirect-target-not-found
Q94899741,person/ada7af94-9573-43fc-897b-f92b232634b8,redirect-target-not-found
Q133676110,person/100fff83-e7f0-40c5-b0d3-b5e1459652ee,redirect-target-not-found
Q120540826,person/490e2feb-d5d0-44fa-b9de-bda405281916,redirect-target-not-found
Q133611772,person/8ebb87f8-6f23-4a87-bc9d-7e6f68bd42c6,redirect-target-not-found
Q19166371,text/6ee2c86b-13dc-4357-a7a7-fb873e71fd4f,redirect-target-not-found
Q133739961,person/616b25cc-c030-4d7d-b816-bd903444a4f0,redirect-target-not-found
Q132946731,person/b1c612cc-e879-4cdb-a426-4ca4f5ed4722,redirect-target-not-found
Q131398859,person/e8cb66dc-4c8c-42fb-a264-995020c8c989,redirect-target-not-found
Q47090653,concept/4b31a045-ae00-42a5-b9a9-3cd22b8ad669,redirect-target-not-found
Q133609310,person/c1813149-4897-4f30-b5a7-f169a4abb0c3,redirect-target-not-found
Q78781529,person/c506ea01-23ef-410b-b027-dceb8802ef05,redirect-target-not-found
Q114122254,person/59a0333d-827d-416c-971b-2412f87c8ced,redirect-target-not-found
Q113000978,person/f9306002-80ce-4c91-a813-f39d3e271dbc,redirect-target-not-found
Q124768036,person/0e957c4f-c4db-46a9-87cb-dba7aeb241b6,redirect-target-not-found
Q112554031,person/c53bae69-a0de-45a2-a9dd-5324c3531a3d,redirect-target-not-found
Q133652075,person/98e135d5-f969-4e9b-bf95-504caccfecf6,redirect-target-not-found
Q132960480,person/f2b95e56-eff3-43c6-9daf-3fc6ad2a5d20,redirect-target-not-found
Q94281236,person/351e8cf4-1cb0-4220-beb2-7dc552cd4ec5,redirect-target-not-found
Q133706793,person/1fd84c68-1834-4bc5-869a-95234f30d20e,redirect-target-not-found
Q124771881,person/e9544f86-34df-4344-baab-c11bb615d0cc,redirect-target-not-found
Q133694194,person/251fa42d-2e8f-407f-a865-0a6cf1b2a7b9,redirect-target-not-found
Q133513827,person/7265172b-de84-49ad-bd33-f40ce9d34d20,redirect-target-not-found
Q133602849,person/305a56a4-bce6-4736-af4b-ef5ae6f09f89,redirect-target-not-found
Q24002394,place/3d9044bd-7ba8-4916-8d1a-ada62457dc8f,redirect-target-not-found
Q133616286,person/45a90dcf-638a-4502-a16d-4469502e81d9,redirect-target-not-found
Q133704222,person/37c4bece-f1c6-480e-944c-1f10bb266150,redirect-target-not-found
Q95190965,person/2fc3b4bd-670e-495e-9aca-b93bb61cc768,redirect-target-not-found
Q100235699,person/ca353272-00a5-48ba-93e4-3c72aede5098,redirect-target-not-found
Q112476652,person/fa84c3bb-bd0c-4fcc-b64c-2cb5daf98505,redirect-target-not-found
Q130815767,person/f535e310-8e05-4402-ada3-7df2e5678892,redirect-target-not-found
Q133728010,person/669e74b0-7496-42f1-90c3-a44e8b5d912a,redirect-target-not-found
Q132982459,person/9f8c1764-8a41-480f-9d0d-01661b07ebe5,redirect-target-not-found
Q133628500,person/e6ccaf9b-2248-415d-847c-b145332f037b,redirect-target-not-found
Q90629416,person/064b458b-c9f2-4baa-80d5-b003bce63e5b,redirect-target-not-found
Q9323448,person/d0eb25a3-4d97-4141-a460-d68ee2aa7f49,redirect-target-not-found
Q112487933,person/a83de02d-c2be-44fa-8b83-ed6f78abb18d,redirect-target-not-found
Q133699686,person/78038a9a-200a-4527-a33d-01a2e7143bdb,redirect-target-not-found
Q114352030,person/ba156aa7-04dc-4435-83b8-ee392647038a,redirect-target-not-found
Q131781230,person/7faf0a58-fc7f-4f99-8760-4e77cb48d712,redirect-target-not-found
Q133741022,person/8e7aab63-1cd1-4ffe-81e6-326279a76245,redirect-target-not-found
Q112398562,person/f7dd493c-1061-4908-bb54-dcac499684fd,redirect-target-not-found
Q112392575,person/f8a77aa3-1b74-4681-94c0-dbece69c0f51,redirect-target-not-found
Q133646937,person/6fa853cd-a971-429d-9c5b-c9461cbc7a01,redirect-target-not-found
Q133708051,person/e76de6cf-02de-4c33-92fe-3f9642977d8c,redirect-target-not-found
Q112488994,person/f853dff0-b696-4e1f-855c-262df165e12b,redirect-target-not-found
Q112522467,person/aaf6107f-9e9b-4320-b261-b3f7995a1129,redirect-target-not-found
Q133701007,person/5e18b488-6340-475a-8efd-bf915515e969,redirect-target-not-found
Q133712805,person/31292a4d-69c6-40db-b258-8e5f820c85f8,redirect-target-not-found
Q133374648,person/d543f98a-5866-4f58-aa4b-1758eba54274,redirect-target-not-found
Q133697225,person/cb3ffd84-179e-4b24-bc42-7a1735f97989,redirect-target-not-found
Q132364114,person/481a231f-0b12-4b51-bd00-8dc860b6142b,redirect-target-not-found
Q112481888,person/f3d8fefb-e620-4ee7-8cb3-028bd8822199,redirect-target-not-found
Q133641748,person/502294d6-0e7b-45d0-be62-e9887faf26d9,redirect-target-not-found
Q45689455,person/ffb274ec-558a-4f33-a3fe-9336896544f4,redirect-target-not-found
Q95280934,person/918c5c23-14c6-4db3-bb5a-7053a5ee66dc,redirect-target-not-found
Q133639324,person/885e9061-a887-4a26-b656-007cc2a248ba,redirect-target-not-found
Q133710668,person/022c9815-4041-4636-821d-be414146da7d,redirect-target-not-found
Q58369437,person/26c0cd29-e506-4941-9716-eddea612fc17,redirect-target-not-found
Q133709360,person/6dd1c175-734d-43e1-9862-70052facea1f,redirect-target-not-found
Q49103555,place/8af4516e-175f-4599-b047-562d39d4a86f,redirect-target-not-found
Q131777603,person/07ba7bf1-acdc-45fe-9035-2b00bd698067,redirect-target-not-found
Q133634290,person/b3dbf702-16cc-44db-b871-2dd6355f2442,redirect-target-not-found
Q51792960,concept/8172740f-7c82-4918-93d5-ae5b82bda415,redirect-target-not-found
Q133696835,person/fc5a59ee-5e9b-48f8-8a3b-9b41ec8c954c,redirect-target-not-found
Q123474607,person/a8246aab-abde-4201-872d-93e72b7e3de3,redirect-target-not-found
Q23908032,person/a5d35fba-4751-4697-849d-84f65cc3c8b9,redirect-target-not-found
Q133725661,person/01339ca4-9bd4-4fa8-a2ed-298b00d7c38f,redirect-target-not-found
Q133635091,person/7313fccb-7d46-4e2f-a31f-20c412ba0cde,redirect-target-not-found
Q112458468,person/b5a04065-2be4-463a-8558-b9731bfa74b8,redirect-target-not-found
Q133581056,person/adf74820-307e-4388-88ff-4962dc13ef44,redirect-target-not-found
Q112441351,person/db17db4a-10a3-4c27-8a98-34247e932d32,redirect-target-not-found
Q131622534,person/79c1bad9-4228-4e97-a22b-8f77a1d6b4ec,redirect-target-not-found
Q112505930,person/d12fbff0-4701-4bfc-bb91-fe212ec8329c,redirect-target-not-found
Q110040749,person/21840b64-bcc2-45b3-a435-08d25f482cdc,redirect-target-not-found
Q133687000,person/bac9e0b3-4a84-42e2-b282-9c2476fc49a1,redirect-target-not-found
Q124393905,person/2bd5bdd7-e574-4729-86ac-965bfddd40a8,redirect-target-not-found
Q114595121,person/81abcf06-5df4-4804-bdf2-f5c56e633862,redirect-target-not-found
Q132901827,person/a02b73e1-0b31-4622-9049-c75c52626bed,redirect-target-not-found
Q133598299,person/b990da77-9a7a-4dc7-8583-83e8c29742b5,redirect-target-not-found
Q94538290,person/5f8d29e4-d374-488a-b56e-9f697972a11f,redirect-target-not-found
Q133686924,person/7959f506-934e-494c-86d9-8e94ba290ee0,redirect-target-not-found
Q133697093,person/71948b6d-de09-40bf-af72-1667d20b7bcc,redirect-target-not-found
Q133599553,person/a011be88-6955-44fd-9510-efe76f435dfe,redirect-target-not-found
Q133692379,person/28fb02db-1b23-4c71-9831-07d203630ec9,redirect-target-not-found
Q110081771,person/2d5a4372-709f-4d43-807c-cdb64d7fae63,redirect-target-not-found
Q95635436,person/9dd88386-ba8b-47fd-8f84-a47d3b3b9528,redirect-target-not-found
Q104717073,concept/1acf5e98-d154-4e2d-aec4-5417961f2fa2,redirect-target-not-found
Q95110901,person/84d56c88-5a73-4288-89e0-76b37f674f4e,redirect-target-not-found
Q112373765,person/780b33c9-bc57-4f22-970e-7314677f13ff,redirect-target-not-found
Q112448043,person/407bff17-687a-4650-866d-027fa85c4460,redirect-target-not-found
Q133622260,person/ced3bf33-f2f2-4a14-aa87-4b5d2bde60cd,redirect-target-not-found
Q112482717,person/85352fa0-8282-44d4-bd90-7a6f005a0c8f,redirect-target-not-found
Q45592773,person/f425031b-67ec-4303-8df7-94740f540387,redirect-target-not-found
Q133712159,person/aff8e8a3-251a-42c0-b6fc-9958a0ff62d5,redirect-target-not-found
Q18243795,person/ddc69456-e7ce-481c-bee9-13565517929c,redirect-target-not-found
Q133575509,person/57b36a86-e129-4ae1-a686-fb2f18d3b579,redirect-target-not-found
Q61077163,person/823a2fba-06ff-4926-a0c6-788e316608ca,redirect-target-not-found
Q124640281,person/d2485b59-1ec4-443e-a07d-ad8d8a374efd,redirect-target-not-found
Q112494008,person/9515a6de-a923-4320-aa3b-b102c0838838,redirect-target-not-found
Q112491153,person/2c3b04ef-39c9-4d74-89be-f3b535d22533,redirect-target-not-found
Q65367893,group/faadd99e-cffc-449b-b763-61c64b5cdf2b,redirect-target-not-found
Q104052869,person/f45fb290-1af2-4564-a9ff-08cd6e4587b4,redirect-target-not-found
Q126948932,group/b1a3b837-d750-495e-8996-64ac95ce67a3,redirect-target-not-found
Q113810316,person/e054bfc4-2815-4182-b78f-067e3a094b14,redirect-target-not-found
Q15727633,concept/2c70cbf6-e2e3-411b-a295-2a63a4c5a2be,redirect-target-not-found
Q121268061,person/a98cba4e-9a53-41f7-9bea-401a259227b7,redirect-target-not-found
Q133659355,person/10fc2daf-4888-497d-a2bc-33d011720c94,redirect-target-not-found
Q60589274,person/7018ef29-4f61-421e-a31a-0331ec993ad9,redirect-target-not-found
Q133603924,person/979c2084-5ff3-4c5f-a8d7-b0e91bb472b3,redirect-target-not-found
Q45487620,person/c91099f4-a1b9-4ad7-ad5d-4a5621e2f154,redirect-target-not-found
Q133751006,person/7c21a2df-7d57-4971-95e3-8e0379f3cf66,redirect-target-not-found
Q133705504,person/7bd545ef-aa71-41fb-929f-e1baa8df471d,redirect-target-not-found
Q133641916,person/6543de82-190c-463c-a270-2c9757cc1fde,redirect-target-not-found
Q31313352,person/76f35bc1-9497-46af-9ab6-7d6bf6475aca,redirect-target-not-found
Q132233182,person/8eaac56a-95e7-41c5-bc6c-a173efd40df0,redirect-target-not-found
Q110669657,person/17590108-f33d-4dd5-b967-7bccb860d5fb,redirect-target-not-found
Q133620308,person/c22bcb78-96ea-4777-8499-fd439117e6c5,redirect-target-not-found
Q133689624,person/0061cf99-dc43-4827-b643-aac9d0001b81,redirect-target-not-found
Q133669213,person/c57c9c9c-323e-4fae-a4cb-6dc73bfc475b,redirect-target-not-found
Q133724824,person/3e9193f8-e5bc-40db-81ef-f0ada71c708e,redirect-target-not-found
Q133447839,person/6dc12f7c-7dfd-40ef-bc68-b06f059f7f7e,redirect-target-not-found
Q133658164,person/3808c6ec-3dca-44a6-a2c1-3f506746253e,redirect-target-not-found
Q132921046,person/2ddf4807-be3e-4014-8c48-5be22debe01a,redirect-target-not-found
Q110087175,person/c937753f-8ce6-4256-85b1-342616db1daf,redirect-target-not-found
Q49630847,place/62d3f9d7-c21c-4780-8959-af5f2c6f110f,redirect-target-not-found
Q123555894,person/3204f7bd-5f5a-46e1-b5fb-793413376704,redirect-target-not-found
Q125283823,person/251cdc73-0b1d-4d6e-9955-b8ab346a824f,redirect-target-not-found
Q133699729,person/d593640c-e6d5-4763-b576-ddd45b6f1c5e,redirect-target-not-found
Q20791519,concept/5efabe30-2f94-47b6-a266-5c602bc6af16,redirect-target-not-found
Q102441997,person/bb011a48-5fdd-4986-9424-bda20af5a68e,redirect-target-not-found
Q133704121,person/eda6ab50-1086-4ec2-ac7c-7f549ff86826,redirect-target-not-found
Q133709156,person/1c8eae6f-a3aa-44bc-9506-13619f35a163,redirect-target-not-found
Q118924937,person/093f3b02-3c2f-41a0-adba-bf6e670d0df8,redirect-target-not-found
Q133703765,person/e44b4082-558d-4859-8d23-7ec5d49b188d,redirect-target-not-found
Q93429292,person/2bc97918-df69-46cf-8687-edda5a4085de,redirect-target-not-found
Q124866141,person/f11c1de4-a944-4317-8804-aad51e595e21,redirect-target-not-found
Q133626718,person/4e9bc4e5-fea4-495c-a6dd-f22505bf747b,redirect-target-not-found
Q33159606,place/5fce578e-9fc3-44e9-b4a8-53420f8e5fef,redirect-target-not-found
Q49106736,place/345747c6-26b1-4ec9-8784-60855035a324,redirect-target-not-found
Q116269559,person/5ea7efda-caf1-4237-b085-6b9e008ac8a3,redirect-target-not-found
Q133580587,person/5a4bcf52-d526-425c-9c9e-0df359d296e8,redirect-target-not-found
Q133641407,person/96218c0a-107b-41b9-942d-b6eae75dbac9,redirect-target-not-found
Q21543728,person/9c71a708-232b-47f8-9e4a-4bd62843a914,redirect-target-not-found
Q133642842,person/6138b945-61fa-4ff1-9ab8-75538167a27c,redirect-target-not-found
Q133702541,person/720f8673-cb42-49e3-adc6-549c1de63394,redirect-target-not-found
Q133697331,person/2a30c638-154b-4983-ae7c-e4ef80cdfdca,redirect-target-not-found
Q132961088,person/0df0ef87-7941-42eb-8ffb-3ae944d3b213,redirect-target-not-found
Q130786643,person/0b605e81-be6c-4811-94e1-4bff4c744258,redirect-target-not-found
Q133623730,person/4c08532a-e96a-42b3-8401-05e138d26be1,redirect-target-not-found
Q24307528,place/733556d6-2040-494c-8441-16673522b8d1,redirect-target-not-found
Q112456071,person/9429569c-528c-4695-a2ea-fe6d61ea9db5,redirect-target-not-found
Q133641906,person/3034e77e-f18a-49a2-975c-f8d62230f50f,redirect-target-not-found
Q90230608,person/798cc588-77a1-4ca7-8044-df4a076c5566,redirect-target-not-found
Q120835398,person/02875337-2b14-438f-9cad-2bae07fa574e,redirect-target-not-found
Q130773421,person/834d1cf2-a99e-425f-bf53-67c021589cc2,redirect-target-not-found
Q133705009,person/dd9eb8c9-ba93-43ae-84c3-0a432994af6f,redirect-target-not-found
Q133254909,person/bede8256-5be6-44ca-a269-0dc773dc804d,redirect-target-not-found
Q131757352,person/5fe36d8f-f20e-4b35-a1f8-4f81cc9b53fc,redirect-target-not-found
Q45371911,person/95b1e034-3b8c-431f-9b05-7a50411b4bc1,redirect-target-not-found
Q94510385,person/08fadb9b-869c-4ac2-b320-d712b770a04b,redirect-target-not-found
Q49105555,place/6bf1c769-e7bd-4c63-b084-60cd6d2a1e9f,redirect-target-not-found
Q133572449,person/f5060e5e-3da3-47e4-a90d-0c55b55effe8,redirect-target-not-found
Q122929564,person/ae1cbb68-aef3-42f4-89a2-c1b1e7662ef5,redirect-target-not-found
Q45598404,person/0964cccc-20d4-4589-9396-7b30bda1bc19,redirect-target-not-found
Q133728241,person/88c6cdf4-4ba5-4ee5-a385-031706d66bb0,redirect-target-not-found
Q112386377,person/cf119ba0-f496-4440-902f-3dffc902919d,redirect-target-not-found
Q95245848,person/6dc23136-4db0-4c8b-9d27-cce0b1b75b6c,redirect-target-not-found
Q133009065,person/47a59b0a-3d54-4f61-9bdf-369724b95442,redirect-target-not-found
Q112548601,person/561dfad2-4165-4cb3-a86e-8237ef0f6486,redirect-target-not-found
Q133691604,person/32bc6cb4-a022-433b-824c-07afaf0fbb6d,redirect-target-not-found
Q52151070,person/7df7b085-8c22-4758-8f40-1fd680612f85,redirect-target-not-found
Q35721146,place/658450ae-5dd3-40e9-b752-5e8babee6f2f,redirect-target-not-found
Q133640491,person/0c2c762a-fd00-4039-9d51-1d3a446138b3,redirect-target-not-found
Q132965584,person/f2ca0db9-78b2-4806-98b0-41fc6c47c57c,redirect-target-not-found
Q133684341,person/8280b10d-b732-41a2-8489-ea62fb204d1b,redirect-target-not-found
Q133685565,person/8b31c30f-dc66-4cf9-a273-4bd72a040d89,redirect-target-not-found
Q133692058,person/b27dc7bd-6c89-4c7f-97b0-42a236a50488,redirect-target-not-found
Q133717394,person/14cc51fb-6508-478c-be69-2b7fca7b259f,redirect-target-not-found
Q95896395,person/8fa56a2e-a56a-4f4d-8b6d-b1835864d661,redirect-target-not-found
Q112493873,person/68e9b967-d9c1-4aeb-a2ae-e8bb2f1c6008,redirect-target-not-found
Q131303467,person/97158c61-1442-4a51-a7dd-28ce672a3590,redirect-target-not-found
Q133725399,person/9e049c7b-dd7c-409e-bb0e-e64c3e2824bd,redirect-target-not-found
Q55916778,person/887368b4-b6f9-4fe8-bb0d-cb99efede76c,redirect-target-not-found
Q94701221,person/ddf79c61-1a7f-44a3-9f3b-23d8736437bb,redirect-target-not-found
Q133719086,person/91ae8514-865a-410c-a157-fff86f3f4ec8,redirect-target-not-found
Q117252635,person/a679eb5b-fdee-4599-9a55-d4a19642b793,redirect-target-not-found
Q45365412,person/f670cb21-3910-4bca-b98e-dfec2a96ebb5,redirect-target-not-found
Q112541933,person/9bad16e1-5193-4296-adc3-84d8a85daca3,redirect-target-not-found
Q133670919,person/4f1b2d3c-cbb6-4f3d-a0e8-a6f6571ce881,redirect-target-not-found
Q112414593,person/12dad3bc-3b0e-4081-907d-e55b1f782146,redirect-target-not-found
Q133702819,person/8c8d9c75-268c-4f54-97e6-8bea176a2c2f,redirect-target-not-found
Q133655704,person/188d8388-058d-4437-a1e6-f32349214aa2,redirect-target-not-found
Q77324932,person/440d8c97-aa45-43c1-9522-aca9089f43c7,redirect-target-not-found
Q133019886,person/a5dc9483-1c26-48a5-ad47-8be26231c8ad,redirect-target-not-found
Q130774716,person/6fc4ccd6-7899-4313-b089-449624567b62,redirect-target-not-found
Q113805928,person/bc16b074-75ad-4562-baff-9d88cb9f56f4,redirect-target-not-found
Q111681001,person/f5762334-b66f-4ec8-904f-d7de88f77e4c,redirect-target-not-found
Q133015471,person/4e9981be-996b-4426-b30c-1f9319788ff1,redirect-target-not-found
Q112468591,person/4b6529d7-c5d6-4af9-9960-426cba3d0938,redirect-target-not-found
Q113398787,person/5932d9a7-de09-4891-ab38-9b8426743865,redirect-target-not-found
Q133593802,person/39247d42-c503-41eb-b159-06f557f1b3a1,redirect-target-not-found
Q54875207,person/8b6e277a-0bbe-4ec1-91c2-908d4b1202d9,redirect-target-not-found
Q133579622,person/860d23d2-31c0-452e-ae2a-bbbc5fbc784b,redirect-target-not-found
Q112493220,person/665f50a8-5d9a-49ff-9732-22520571d8fd,redirect-target-not-found
Q131775325,person/8f1d1a2a-b3e0-417d-b19b-6c1f1c83e882,redirect-target-not-found
Q75871457,person/fca32982-813f-48d4-93d1-2979779b7220,redirect-target-not-found
Q59630610,person/a3eaa337-7ce6-4500-b4e6-4fa4752cea2a,redirect-target-not-found
Q133700206,person/99d30dd4-eb94-46a9-979d-04e216955a3e,redirect-target-not-found
Q112555917,person/fdb08a73-110d-431e-af2b-3fd95452b257,redirect-target-not-found
Q112543298,person/d7aa4e44-9551-46f5-82fc-f857870fd03c,redirect-target-not-found
Q112519881,person/3d837e02-4345-49ae-9c6a-343992ed4733,redirect-target-not-found
Q120566939,person/99b8e1f6-1638-4bba-834c-6667c10ae38d,redirect-target-not-found
Q112557014,person/c2689003-9f45-4aef-8db0-28c6bee4d413,redirect-target-not-found
Q96178818,group/5f5b2f30-e2c6-466b-a26e-9e4f7bd68ca3,redirect-target-not-found
Q133337532,person/6ac4171d-4594-4208-9abe-ad03a0486839,redirect-target-not-found
Q131774780,person/8a5ef34a-4ac1-4d8b-b533-7dbd40221927,redirect-target-not-found
Q133317694,person/2f9cfad6-746f-475f-b755-8e6356e2ecdf,redirect-target-not-found
Q133757834,person/de27f99f-f0fd-47c7-aaa6-f3251d155052,redirect-target-not-found
Q125870084,person/61f2c52c-5068-49cc-aee2-42c2c4750fa0,redirect-target-not-found
Q112445615,person/112616b0-42cb-4a36-9e28-4894e2da2de4,redirect-target-not-found
Q133593749,person/98fc1972-36d4-4cc5-9aa8-0f431be461d7,redirect-target-not-found
Q130777554,person/85a35a75-92d9-4b27-af75-3113093a08c2,redirect-target-not-found
Q133694297,person/fff5d1cb-4b87-498c-b940-47633a2b0cab,redirect-target-not-found
Q112410559,person/c091675f-4252-4c33-a740-1651b333199b,redirect-target-not-found
Q112535487,person/e37856bd-2467-44fa-b43b-e98016b71f99,redirect-target-not-found
Q58788628,person/2e9d4a17-d894-4e53-aa9d-d602b1b96960,redirect-target-not-found
Q133604448,person/842b2864-7c21-4a74-aeef-00cebc160629,redirect-target-not-found
Q133708548,person/c42a6b9a-1f25-4210-952d-9a85c839f87b,redirect-target-not-found
Q124250062,person/19d1f535-105b-48bd-a224-4646c1753875,redirect-target-not-found
Q133699627,person/52f0411e-5f45-44e4-ae95-89c95a98bd5a,redirect-target-not-found
Q113806351,person/4c606e78-8dfa-47d7-a9d5-d8679fb61383,redirect-target-not-found
Q56006801,person/64cd4a47-abd9-4439-a687-e2ffc8ac392f,redirect-target-not-found
Q132993141,person/2b25f375-d732-4421-82b7-cff9a8e4e573,redirect-target-not-found
Q44569447,person/656d5ce3-f77c-441c-bbc8-e7a0128921fe,redirect-target-not-found
Q96078675,person/455c9742-d6d9-4c3a-9917-99b4f74201b7,redirect-target-not-found
Q114645771,person/1e8b9db2-783e-486a-868e-bbdbc793f28a,redirect-target-not-found
Q132960673,person/11133fbb-9bcd-443e-9dc6-a751bac2e788,redirect-target-not-found
Q94426721,person/f5fb4a95-f2d5-47fc-9116-7fb43b370d18,redirect-target-not-found
Q133749621,person/152e06bb-46b0-41c1-8662-a937926d6f5c,redirect-target-not-found
Q112473967,person/1cb9a499-cc9b-4783-ba2a-1a4f0b8bc588,redirect-target-not-found
Q112453793,person/e363a102-a291-4f2f-b04e-4169b031f28a,redirect-target-not-found
Q113772872,person/30a724d9-a129-402d-b516-e77c3895ba9d,redirect-target-not-found
Q95673952,person/e15509a9-14dc-4b0e-ad21-e2bafa19545b,redirect-target-not-found
Q60312336,person/a6f10a5d-862c-459e-b019-6086c77e0eb4,redirect-target-not-found
Q112380171,person/fac07e7c-1c83-42b2-869b-556e9782ad06,redirect-target-not-found
Q133649885,person/3845c1b7-e629-4fe8-9758-62622da2d038,redirect-target-not-found
Q133615442,person/b214e08c-219a-428c-b252-fb9c9c4fe283,redirect-target-not-found
Q112468761,person/65084bc9-1e99-4c09-8ff1-54aced68bb66,redirect-target-not-found
Q133652817,person/e3838810-6c49-4da0-bbca-d816382b1dd6,redirect-target-not-found
Q11868152,concept/87af1c75-c107-40cb-bb9d-264e3f11d27a,redirect-target-not-found
Q124846548,person/080bcb10-449c-4f3f-81b2-c4c528d33a48,redirect-target-not-found
Q133637876,person/98ccb0c4-f5c1-4734-8bcb-f355a84eb99c,redirect-target-not-found
Q133642093,person/bc9a6c7e-b1ed-4633-8888-69cf24e104a1,redirect-target-not-found
Q132888612,person/9f56479d-4493-456c-9c80-9fa2d8c8f4f2,redirect-target-not-found
Q45369305,person/30f2349d-7f70-4437-ab12-af8094575b0f,redirect-target-not-found
Q133618812,person/6ba71f34-fd0a-42ca-b6dd-004bf10e1074,redirect-target-not-found
Q133586638,person/6e15c588-e513-4794-b259-0be010baca7e,redirect-target-not-found
Q30592314,group/a0e9d24c-c9c8-4cfb-89f0-5adfa9a658a3,redirect-target-not-found
Q133721067,person/a9e05784-2018-41e2-99a9-f99081e64c38,redirect-target-not-found
Q133584323,person/85514c92-ca85-4c7e-8a96-2fe0d156be0c,redirect-target-not-found
Q133690478,person/7b5595d0-becd-4b9b-8a9a-ae9a7cec2a5e,redirect-target-not-found
Q94412750,person/f5fdba1f-0a62-4c31-8c11-4d11ab084cbb,redirect-target-not-found
Q130783631,person/d41a57ad-8c8c-434c-b52d-5fef03549e73,redirect-target-not-found
Q133704237,person/a78cb742-dc90-4a38-9daf-ea6b75c25395,redirect-target-not-found
Q101073238,group/8b1bebcb-d938-4b04-8cc6-d784504505b2,redirect-target-not-found
Q49105150,place/965e1a10-d4e3-4529-b999-9ae620f671bd,redirect-target-not-found
Q21008911,concept/a7868aed-8855-4202-be98-b95d5be14abe,redirect-target-not-found
Q133518898,person/7c1b3631-a35f-43be-9394-29420142a4ef,redirect-target-not-found
Q132960657,person/30c05a85-74b8-4960-834f-62b96ccef65e,redirect-target-not-found
Q133711278,person/f07378f1-87a0-46ae-ad37-18c87ac30579,redirect-target-not-found
Q133697320,person/c7bfec56-7f94-4136-a56c-ef6046258af6,redirect-target-not-found
Q133632374,person/2dc86116-01fd-4690-bd4c-31ae3948ac4a,redirect-target-not-found
Q133634941,person/32130b57-c493-42d8-b60f-68bcca93749c,redirect-target-not-found
Q133743340,person/02d84d4e-441c-497f-8c71-9a8f35fb1f11,redirect-target-not-found
Q131778068,person/a1c1790b-e83f-445c-bf4b-fe683a987d17,redirect-target-not-found
Q132920288,person/746865ee-27af-4e3c-bfc5-f5db6b8b4a29,redirect-target-not-found
Q132967862,person/54792cc1-c987-4d25-97cc-b131361399e7,redirect-target-not-found
Q133309945,person/4756a058-9e5b-4a14-9283-968142444ca1,redirect-target-not-found
Q133622441,person/4f63cd1e-1b0e-444f-a03e-51da43250c97,redirect-target-not-found
Q133611420,person/339cde07-7b4f-418d-858a-1c2570fc5e07,redirect-target-not-found
Q133613255,person/7e1c8f9c-3a54-4f27-9bd8-282ac477af50,redirect-target-not-found
Q133024276,person/cdd82934-660f-4ee3-9727-3b01f200002b,redirect-target-not-found
Q15929512,place/70f451b8-2d9f-46cd-b67b-1e6dff87ff46,redirect-target-not-found
Q132907050,person/207f4a60-3b58-4884-bc18-d970db5e8d09,redirect-target-not-found
Q133605531,person/f02e2cbc-6566-4682-940b-a928dd5ef0b6,redirect-target-not-found
Q133062539,person/b03ec124-20ed-4d99-b3c4-d51b8bf55e08,redirect-target-not-found
Q132930134,person/3c8431f3-8a59-42b2-8f52-8a9aa9661511,redirect-target-not-found
Q131776912,person/f078b4db-2a17-467c-8f15-6e243095e820,redirect-target-not-found
Q132959771,person/4b5d6361-b5ad-4f46-a220-f39545867cb7,redirect-target-not-found
Q133708232,person/0a24aeb7-7048-4bfe-b02d-ba0d9cd33411,redirect-target-not-found
Q30294687,group/0501b19a-5698-41ff-817d-3031e459b761,redirect-target-not-found
Q133754913,person/50b566b3-517d-4889-900b-9372335f75bb,redirect-target-not-found
Q132562144,person/0cba5fc4-3908-4381-9761-a0b948cc6d49,redirect-target-not-found
Q133700228,person/ad438921-38a1-4b0d-acd0-8870615f48f4,redirect-target-not-found
Q133649908,person/dbf45e9b-e363-4e08-a1cb-09ccae94f186,redirect-target-not-found
Q132905948,person/517f1631-8f28-455d-b10f-401df2b6feb0,redirect-target-not-found
Q49295291,place/9895d9b4-fa38-4c2b-88a6-72e465e22a6f,redirect-target-not-found
Q131771400,person/a6dcbaf9-46db-48f4-8b8b-e5cec620a1ea,redirect-target-not-found
Q133656876,person/1a420d28-5f45-4ba3-976c-a15dac9aa9d2,redirect-target-not-found
Q133757177,person/a72f8ce5-1184-404e-9b60-b7d21147b2c1,redirect-target-not-found
Q133685527,person/24eacd50-b4d5-4bd4-ad0e-934bf399f82f,redirect-target-not-found
Q131772133,person/4b59c634-45c3-4084-aa3d-34cc94be25a6,redirect-target-not-found
Q133579334,person/7d971205-0f6e-49ce-82fa-38296f3fe0d8,redirect-target-not-found
Q133700369,person/824b9ee7-755a-4be9-872f-78a2ddf45953,redirect-target-not-found
Q133701529,person/e9823c0b-fd00-4acb-8ed0-93326dcde70a,redirect-target-not-found
Q133634578,person/5078c1e9-2d9b-4800-ab66-93f807a9c5d9,redirect-target-not-found
Q133668480,person/3d4ce39d-8603-48cf-b19b-94c9a064572c,redirect-target-not-found
Q131773856,person/f78d12e0-0b5f-4d54-8685-f39eef08da06,redirect-target-not-found
Q133745720,person/c063b188-d488-4c1f-b2a1-758fee36aa6e,redirect-target-not-found
Q132992229,person/fcd14437-33ae-4985-b612-e1d8f54168fa,redirect-target-not-found
Q132920249,person/0c12d7b3-79c1-4a4f-88db-96cb14da42d1,redirect-target-not-found
Q133748865,person/5782a2a1-e3eb-44f5-a893-795238a52b8b,redirect-target-not-found
Q116986936,concept/89c4f4ac-0f18-4836-ac66-ce1acb054189,redirect-target-not-found
Q131772686,person/e3303d9a-4236-4b58-8bdd-5deed85807f3,redirect-target-not-found
Q133709575,person/6082dcde-116c-4276-89af-52fd8271cdd3,redirect-target-not-found
Q133662777,person/21b2b544-7c81-41f9-9e7d-5d8c81ff6054,redirect-target-not-found
Q77324892,person/e6a528ed-97cd-4a65-8f9c-1a5718a0d0af,redirect-target-not-found
Q133753124,person/ba379c0e-ffbe-40f2-a26a-02dbc47fd0c3,redirect-target-not-found
Q133692125,person/aadd61c6-f090-4f07-bf6d-4c0fc8708943,redirect-target-not-found
Q133777301,person/44d7227d-10f3-4c79-a742-d0af99bbe31a,redirect-target-not-found
Q133684735,person/ecd09c2b-6138-42d8-a062-872dc17e59e9,redirect-target-not-found
Q133738431,person/690d10cc-6c0d-4011-a806-8b1b17d07208,redirect-target-not-found
Q133724630,person/8f8839df-98ed-4e7a-a0de-784a57be9874,redirect-target-not-found
Q131781058,person/cd434e2a-ec16-45e9-9675-3eb86c82ebe2,redirect-target-not-found
Q133583828,person/7dc1eec7-50d4-4ef3-aede-988e7670adc3,redirect-target-not-found
Q133724608,person/274848b9-3259-4e94-84ca-e0b4a2b4d6d9,redirect-target-not-found
Q133656998,person/d43fb93e-e001-45b5-8cec-0ce0868d8f7b,redirect-target-not-found
Q133708620,person/99d5fc61-cf40-40c9-b46c-5405328b489a,redirect-target-not-found
Q133617034,person/423ba37a-ec59-4a5a-b49a-c44c6ce5e92a,redirect-target-not-found
Q130834589,person/670f7ab8-e45d-4667-adba-b9aa59787478,redirect-target-not-found
Q133689255,person/d1771b7a-5bc9-46ff-a7c5-523fd65b2df4,redirect-target-not-found
Q133678366,person/abb5e5ac-aa0d-4652-9d6c-42eb5c625b1b,redirect-target-not-found
Q131781265,person/072ac4af-5529-41e7-bf09-ffc44ef4d9b8,redirect-target-not-found
Q133654526,person/451bd952-0d34-485b-8656-b58beb4acb0f,redirect-target-not-found
Q49100605,place/37994750-e255-401a-89c9-021bd7f8986c,redirect-target-not-found
Q133642611,person/867fd61a-48f5-4e83-834c-28c97c88b23a,redirect-target-not-found
Q133351741,person/c25bedab-e36f-4b69-a8fe-862067c97f38,redirect-target-not-found
Q133708179,person/e37854eb-30de-4992-b731-21341bbb4c45,redirect-target-not-found
Q132958417,person/f9e9ac93-495e-469f-a873-f137982818db,redirect-target-not-found
Q24013962,place/8fe3924e-b0e5-41c9-a64e-72a2145965df,redirect-target-not-found
Q133717864,person/90976b60-ae25-416e-bb60-58797c55a70b,redirect-target-not-found
Q133625069,person/2070853e-ead1-4de2-a979-291f5ce2f8ad,redirect-target-not-found
Q133693813,person/13521420-e722-4c58-8943-6c8bdb2e01d2,redirect-target-not-found
Q132985284,person/9393e0a1-93a3-41e4-99b0-b9b28195051e,redirect-target-not-found
Q133650911,person/43a3617f-cb03-4b82-95bb-d9b86ef2fff5,redirect-target-not-found
Q133688111,person/2ea1bd2e-31d9-4f04-9733-b813040f403c,redirect-target-not-found
Q133398773,person/fa1ac829-f477-4f61-82db-e6122230c4f9,redirect-target-not-found
Q132948045,person/dfb4f4ef-2599-45fe-ac0a-541984aa8583,redirect-target-not-found
Q130770934,person/abe22d8a-2fbb-40dd-bc28-19e80b0c1fd7,redirect-target-not-found
Q133634241,person/1ae23671-bb68-494c-a6ca-9cd72c343250,redirect-target-not-found
Q133627928,person/984511e2-c01e-44b0-8a27-ba599da38b25,redirect-target-not-found
Q133706276,person/3a5e5c38-db10-430d-b682-9c3b86f9d410,redirect-target-not-found
Q131410861,person/631632d9-28d9-40d1-aa80-d4332b0da743,redirect-target-not-found
Q133707455,person/cf052649-4f9b-4a82-a568-79cba99500b3,redirect-target-not-found
Q133742374,person/60e081f1-6a21-4c1d-b6b5-80a7aa6d11c2,redirect-target-not-found
Q133590851,person/e4dfe452-9c13-416e-be5c-f345e569b9dd,redirect-target-not-found
Q133688856,person/fc956780-b259-4185-a7d1-005eec70f18d,redirect-target-not-found
Q132929213,person/397b4f2f-5a53-430b-af9d-19c4639e2a2b,redirect-target-not-found
Q130795122,person/380b9d32-5dbc-4076-94db-cd1dc763ac2f,redirect-target-not-found
Q133711021,person/ea384621-8c9b-4329-b5db-b9d285b6d70d,redirect-target-not-found
Q133663133,person/3e7974a2-a5b7-4a25-85fc-1797a303306c,redirect-target-not-found
Q131769755,person/76f387f4-0596-4164-b0a8-2632bbddfa3c,redirect-target-not-found
Q130774698,person/36d96718-d67f-44ff-a185-e255ff611ea9,redirect-target-not-found
Q133618458,person/d064edc7-9373-4a09-aa8e-b12487ec2dcf,redirect-target-not-found
Q132960823,person/9ab94953-262c-4067-8ae4-d05e8f20f697,redirect-target-not-found
Q133705214,person/ebc2900c-5556-4628-b668-aeb92ee18b80,redirect-target-not-found
Q133677042,person/457f3c84-7bc4-4e4e-ab4e-7b9801476847,redirect-target-not-found
Q91523455,person/97ac7f3e-033c-4160-80d1-fa4d87787f5c,redirect-target-not-found
Q133701262,person/45d462c0-3978-4473-af2b-c43930140ae6,redirect-target-not-found
Q133608207,person/12c24122-2c4e-4c67-8848-9b35b28421bb,redirect-target-not-found
Q133750433,person/3e7c4689-455c-4508-914d-a53c1e3d45c7,redirect-target-not-found
Q133737757,person/9e4517bd-e157-4905-b2cb-f35997238568,redirect-target-not-found
Q133055900,person/4f709385-ed61-40d3-b8d2-d433b53ce6ca,redirect-target-not-found
Q19509237,concept/45badb7b-aa92-4a63-add8-ff48a5b79577,redirect-target-not-found
Q133664036,person/58fa53f4-8030-421e-bb7c-0bcf908a7a26,redirect-target-not-found
Q133697239,person/d94cf545-3781-43f0-9f40-a31c37e4a717,redirect-target-not-found
Q133642647,person/bc31a8a5-d213-46e6-b309-fddb63c3bd0a,redirect-target-not-found
Q132932837,person/c31854b0-82c3-420d-9211-8cb8123804a3,redirect-target-not-found
Q102121323,group/9e051be4-bdde-4042-9bab-27e786be37ba,redirect-target-not-found
Q133652972,person/ac50add1-ff82-40a1-b96c-ee524fb923ca,redirect-target-not-found
Q133696974,person/35535eb3-c5ae-4817-b9b2-6dc0b970534a,redirect-target-not-found
Q133607786,person/37b08a95-86b3-49b7-985d-0167bc58c354,redirect-target-not-found
Q131779393,person/f91fa337-eb43-425d-af89-fa909a7fc5dc,redirect-target-not-found
Q115784920,concept/947ae559-1da5-4ebe-971f-9ae48f95f5e1,redirect-target-not-found
Q130771679,person/01116702-4add-476c-b3c9-fb1af10ee5ee,redirect-target-not-found
Q133689915,person/f6f82f2f-3617-4c19-809c-2cf808ee918d,redirect-target-not-found
Q88108832,concept/21eb0176-bfe4-44ba-937b-e38ee6681672,redirect-target-not-found
Q112554628,person/612f7412-014b-4332-83bb-279bee1a2ae5,redirect-target-not-found
Q49110574,place/f0e6c7a3-a637-4da1-996e-936e2191d808,redirect-target-not-found
Q133625487,person/dce405b0-da12-4f04-a3f9-8ea3a483e2d9,redirect-target-not-found
Q87741596,person/83b1a6e2-dd59-473e-bc37-adc8d3667f8a,redirect-target-not-found
Q133635846,person/2493de04-b986-478f-8ce8-88dd4eb3a896,redirect-target-not-found
Q131859781,person/fe0b6f58-48e0-4f61-8f6a-bfeca909a01d,redirect-target-not-found
Q133683253,person/ec376beb-414d-4a98-aae9-3c081c5bf700,redirect-target-not-found
Q133713453,person/c42ead40-d727-4de3-bce4-3dea5152870d,redirect-target-not-found
Q65274515,concept/65c4836b-7c3a-4e62-ac0f-5a79c6a09dab,redirect-target-not-found
Q32155348,place/43786717-1b80-4e1d-9631-aa17baaad41a,redirect-target-not-found
Q133621494,person/41b5225f-5494-4bb6-ad87-e18a98b91129,redirect-target-not-found
Q133620187,person/6e6e73fe-459c-4a49-87c0-5cc8e4a2ba99,redirect-target-not-found
Q133709662,person/90cd60c3-8b16-4ea0-b024-5989baa38f6a,redirect-target-not-found
Q133691882,person/1dc2e02a-3992-4c20-b11b-9869c790ecf5,redirect-target-not-found
Q133692486,person/2d3e978d-2660-4be6-a0ce-2aee9f468d50,redirect-target-not-found
Q133713642,person/8dcd84f0-8d0c-445e-b3d1-53fba6e1c377,redirect-target-not-found
Q49109309,place/857894a7-aac6-48aa-82b1-b4d4c20191ed,redirect-target-not-found
Q131773754,person/9a6180e4-8ecb-4f8b-b9cc-bc8c4799ae52,redirect-target-not-found
Q133605817,person/5e56dcf5-4d09-4c0f-939a-c12cf2e4d97d,redirect-target-not-found
Q133712974,person/30d177cc-09db-4fbd-abff-49d37f056334,redirect-target-not-found
Q133701818,person/3df189ae-1edb-492b-8fe1-1e86d85880c9,redirect-target-not-found
Q133683794,person/322e5748-1f3d-4600-a1f1-fc7c2e57dfbb,redirect-target-not-found
Q132972557,person/d12a0a40-1198-456c-8614-0945762cff39,redirect-target-not-found
Q133661985,person/72f63e17-0f99-45ef-b4a5-aa135d3cd8b0,redirect-target-not-found
Q133650853,person/e755e203-44c1-4a50-b903-7cb77a9f5765,redirect-target-not-found
Q133675974,person/26d9ec99-aba2-41f2-b580-919f2d9aa023,redirect-target-not-found
Q131770963,person/2a69ddd1-7867-4a26-839b-a6586b458f9e,redirect-target-not-found
Q133627595,person/2e03fee9-26c1-429f-ab6c-a20eb49d2bbf,redirect-target-not-found
Q133713404,person/7a8d88f5-610b-4f02-92ea-939656401361,redirect-target-not-found
Q29448653,concept/1fb41162-be76-4f29-98f3-0092620e1dee,redirect-target-not-found
Q133751574,person/751193f0-eaa6-463b-895a-0fdc4b0b5d52,redirect-target-not-found
Q133581154,person/0fb76b4a-a353-4f64-b4dc-d53ca46988c0,redirect-target-not-found
Q130768529,person/235e5e09-1d0e-45d9-adfe-4f9341c28586,redirect-target-not-found
Q77353938,person/dc752354-9796-48a0-b8d1-e1f1c29378da,redirect-target-not-found
Q133715081,person/b4941222-08cb-4af6-ae08-18ecab4a13d4,redirect-target-not-found
Q133689890,person/081fd7fc-9f41-4e08-bfa7-0acaad1a6297,redirect-target-not-found
Q131775895,person/34a56f35-cb87-4f36-9856-f71d45651f51,redirect-target-not-found
Q2594036,place/7ea67c67-98b3-405b-860a-a0eb16f90d24,redirect-target-not-found
Q131773698,person/ed8bcb4b-59e3-471d-bb4a-c262c35ecb06,redirect-target-not-found
Q133696749,person/4f958ec2-7e8e-4cea-a8c6-afe084f44482,redirect-target-not-found
Q133696930,person/eb2e48b1-bc56-4e62-94fd-2b0e5f4b0725,redirect-target-not-found
Q133737686,person/a7162d18-655c-4bc4-92d4-879b4c71a3b3,redirect-target-not-found
Q133658814,person/dd79f466-f6d8-433a-958a-6c93e3ab31c5,redirect-target-not-found
Q133638242,person/8c533f1a-3bdf-458c-90a4-b3d0e80c5315,redirect-target-not-found
Q126846471,person/1f87d9da-5c77-4ac4-b7c5-e6ec15c13108,redirect-target-not-found
Q133766289,person/9b9f7db5-af6c-4017-a27f-924c8b8e3df6,redirect-target-not-found
Q133693302,person/d96896e0-003b-4b31-bd33-edc964abb328,redirect-target-not-found
Q133609399,person/ef76d6c2-90be-42e6-a2a3-f0b1b5e25d34,redirect-target-not-found
Q133598779,person/e2a4d461-ba56-44d7-a23e-ddcc5b5b60b9,redirect-target-not-found
Q112120208,concept/45d9612f-a199-463a-9a6e-a8ec08ff1ddb,redirect-target-not-found
Q133640152,person/5a934327-6fce-4022-bda6-1202d320011a,redirect-target-not-found
Q133710582,person/70f8e2a2-9fbb-40ed-9ffe-c196cf286585,redirect-target-not-found
Q133662050,person/72260902-d149-4a55-8305-ab000451c6bf,redirect-target-not-found
Q133683906,person/bb21e205-2c05-4db2-aecc-a4f099a148f8,redirect-target-not-found
Q133612783,person/a7519b90-3c0d-4a4e-a9db-608083f111df,redirect-target-not-found
Q130774618,person/38d1012f-5f63-4bc8-b916-61ce6e195a2a,redirect-target-not-found
Q133636404,person/9131fab0-1e79-4272-b01b-11144cd14286,redirect-target-not-found
Q133724920,person/934b847d-05c8-4aaa-8f75-64e8eabec7c1,redirect-target-not-found
Q49280572,place/1f0a2689-232f-466b-a06a-7838d5b54823,redirect-target-not-found
Q133712492,person/59f7c108-0c4c-4f3f-8fdf-25257c2b9c3f,redirect-target-not-found
Q133696575,person/9384038b-1fb3-4e87-86fc-6ae55ab264fb,redirect-target-not-found
Q133745690,person/b0c45c53-7e7f-4637-b2f3-4bf3155fb851,redirect-target-not-found
Q133740716,person/fbdbc36c-bdd0-4fed-bf9f-4cdf083baff9,redirect-target-not-found
Q133605304,person/53cb8098-ff68-4b1b-8fd8-c676d79d2ece,redirect-target-not-found
Q133702851,person/62e5fe89-c8fc-48b1-8743-2be760dbe818,redirect-target-not-found
Q131780783,person/e221e84a-5c72-4280-bbec-df8841e73655,redirect-target-not-found
Q133705207,person/d2bf6110-7d15-4f5d-ad06-a92259e9f44a,redirect-target-not-found
Q133704838,person/840ba79c-64ab-44f6-b444-044b579d52f4,redirect-target-not-found
Q133786298,person/dc568b18-0c4a-4367-b123-085910dd6ad0,redirect-target-not-found
Q133669888,person/60ae3704-d90f-4c12-ac5a-3a9565b56f19,redirect-target-not-found
Q133578795,person/66d6c207-a341-4592-bb78-e3b04c395ddf,redirect-target-not-found
Q133665124,person/b144b4b5-5185-4230-9f6b-d4d2611d3d76,redirect-target-not-found
Q133707354,person/16f4bb99-ea01-429d-996b-c3053c1fa833,redirect-target-not-found
Q110454967,text/c3bbc68c-c3d7-41cf-a5a7-e92734788fb4,redirect-target-not-found
Q133010487,person/b7e9d0bc-2c1a-485f-8c77-e8b96643084f,redirect-target-not-found
Q133642318,person/8701d484-6b54-4935-a155-fe6b9e0e2bce,redirect-target-not-found
Q133734601,person/3c23fd19-7a79-414a-99ac-da528591f47a,redirect-target-not-found
Q133711112,person/19758370-3a8e-4831-8472-f91788257179,redirect-target-not-found
Q133690544,person/57e190c2-908e-4483-bef9-9a270fa126e3,redirect-target-not-found
Q133696759,person/7f74b923-1556-46d7-a7c7-50650f1dfdbc,redirect-target-not-found
Q133689494,person/cdfd0851-96d8-4ac6-877c-6853ebaebeb3,redirect-target-not-found
Q49105705,place/3694de8a-0f34-47bc-831a-e5e413ac0f91,redirect-target-not-found
Q130787642,person/bc554717-f926-4989-9cb6-115f79bc8de2,redirect-target-not-found
Q133663811,person/c4e1222d-f4d9-4cb6-9f52-1876b3f3b555,redirect-target-not-found
Q11917541,text/35b8b479-6665-4939-82b6-3b02cb411de5,redirect-target-not-found
Q133761529,person/e3b53626-0dfe-4c48-b860-62103571b7c2,redirect-target-not-found
Q133639342,person/f353a35e-773a-4226-b96f-164f0cac5208,redirect-target-not-found
Q133696948,person/a4ea5f63-e058-40bf-8485-54f9263820df,redirect-target-not-found
Q133618632,person/ce667bba-aed2-4d01-b7a4-341988b3e64b,redirect-target-not-found
Q133690172,person/5032e6e2-b176-46ba-9cec-aac8b4c25dfa,redirect-target-not-found
Q133720191,person/81c6231a-0645-481f-b8ec-0d2092fc968e,redirect-target-not-found
Q133651989,person/ec1e9579-c761-4025-97c4-9084a22f264f,redirect-target-not-found
Q133711555,person/6b692811-64b2-4434-914f-4e4e3b215024,redirect-target-not-found
Q133652939,person/9fc539cb-7312-4d9c-a5d2-f09a2426d9c8,redirect-target-not-found
Q133607537,person/8140aa4b-30a6-466d-9803-bef9f067e834,redirect-target-not-found
Q64699668,concept/38d8347c-2e31-4a2f-8c98-dd3a0d6224dd,redirect-target-not-found
Q49755119,place/e48294ca-fcbb-4d93-b784-b047b4c709c7,redirect-target-not-found
Q133643631,person/8b1d4b11-1aa8-40cb-a821-e3bddd3168fe,redirect-target-not-found
Q133697056,person/7da7c5cd-f2e8-4670-8f0f-571b72a09d7b,redirect-target-not-found
Q130830842,person/dca8f5a3-6c8b-4919-9b6c-69dc82dd956b,redirect-target-not-found
Q133740402,person/13ef68c8-4f7a-4986-9cc9-1d405826d64a,redirect-target-not-found
Q132979976,person/14d21d3d-b768-4ae9-956d-2fed6beb66b5,redirect-target-not-found
Q133689251,person/8c3c4f4a-e166-4779-aee7-a212d56c41b4,redirect-target-not-found
Q130784556,person/2cc90cda-618c-48aa-bf97-a9adaa925a5b,redirect-target-not-found
Q133617122,person/5367181d-c00f-4e84-abdf-3ef4b84a8a27,redirect-target-not-found
Q133722298,person/94ef2e00-87ac-4619-9283-6ab16bd4895d,redirect-target-not-found
